Key,Country,Language,Language_Category,Encounter_Likelihood,Google_Offline,Google_Talk,Continent,Approx. U.S. Citizen Travel,4G_Penetration,5G_Planned,FIPS,COUNTRY2,Flag_URL,Pop_2021
1,Afghanistan,Pashto,National,2,FALSE,FALSE,Asia,179711,50,No,AF,Afghanistan,Afghanistan.png,"39,835,428"
2,Afghanistan,Dari,Official,1,TRUE,TRUE,Asia,179711,50,No,AF,Afghanistan,Afghanistan.png,"39,835,428"
3,Afghanistan,Uzbek,Regional,4,FALSE,FALSE,Asia,179711,50,No,AF,Afghanistan,Afghanistan.png,"39,835,428"
4,Afghanistan,Turkmen,Regional,4,FALSE,FALSE,Asia,179711,50,No,AF,Afghanistan,Afghanistan.png,"39,835,428"
5,Afghanistan,Pashai,Regional,4,FALSE,FALSE,Asia,179711,50,No,AF,Afghanistan,Afghanistan.png,"39,835,428"
6,Afghanistan,Nuristani,Regional,4,TRUE,TRUE,Asia,179711,50,No,AF,Afghanistan,Afghanistan.png,"39,835,428"
7,Afghanistan,Balochi,Regional,4,FALSE,TRUE,Asia,179711,50,No,AF,Afghanistan,Afghanistan.png,"39,835,428"
8,Afghanistan,Pamiri,Regional,4,FALSE,FALSE,Asia,179711,50,No,AF,Afghanistan,Afghanistan.png,"39,835,428"
9,Albania,Albanian,Official,1,TRUE,FALSE,Europe,634979,72.9,No,AL,Albania,Albania.png,"2,872,933"
10,Albania,Greek,Minority,5,TRUE,TRUE,Europe,634979,72.9,No,AL,Albania,Albania.png,"2,872,933"
11,Albania,Macedonian,Minority,5,TRUE,FALSE,Europe,634979,72.9,No,AL,Albania,Albania.png,"2,872,933"
12,Albania,Aromanian,Minority,5,FALSE,TRUE,Europe,634979,72.9,No,AL,Albania,Albania.png,"2,872,933"
13,Algeria,Arabic,National,2,TRUE,TRUE,Africa,39447,56.5,No,AG,Algeria,Algeria.png,"44,616,624"
14,Algeria,Tamazight,National,2,FALSE,FALSE,Africa,39447,56.5,No,AG,Algeria,Algeria.png,"44,616,624"
15,Algeria,French,Widely-spoken,3,TRUE,TRUE,Africa,39447,56.5,No,AG,Algeria,Algeria.png,"44,616,624"
16,Andorra,Catalan,Official,1,TRUE,TRUE,Europe,595293,50,No,AN,Andorra,Andorra.png,"77,355"
17,Andorra,Spanish,Minority,5,TRUE,TRUE,Europe,595293,50,No,AN,Andorra,Andorra.png,"77,355"
18,Andorra,French,Minority,5,TRUE,TRUE,Europe,595293,50,No,AN,Andorra,Andorra.png,"77,355"
19,Andorra,Portuguese,Minority,5,TRUE,TRUE,Europe,595293,50,No,AN,Andorra,Andorra.png,"77,355"
20,Angola,Portuguese,Official,1,TRUE,TRUE,Africa,34516,50,No,AO,Angola,Angola.png,"33,933,610"
21,Angola,Kimbundu,National,2,FALSE,TRUE,Africa,34516,50,No,AO,Angola,Angola.png,"33,933,610"
22,Angola,Umbundu,National,2,TRUE,FALSE,Africa,34516,50,No,AO,Angola,Angola.png,"33,933,610"
23,Angola,Kikongo,National,2,FALSE,TRUE,Africa,34516,50,No,AO,Angola,Angola.png,"33,933,610"
24,Angola,Chokwe,National,2,TRUE,TRUE,Africa,34516,50,No,AO,Angola,Angola.png,"33,933,610"
25,Angola,Kwanyama,National,2,FALSE,FALSE,Africa,34516,50,No,AO,Angola,Angola.png,"33,933,610"
26,Antigua and Barbuda,English,National,2,TRUE,TRUE,North America,275524,50,No,AC,Antigua and Barbuda,Antigua_and_Barbuda.png,"98,731"
27,Argentina,Spanish,National,2,TRUE,TRUE,South America,292297,79,Yes,AR,Argentina,Argentina.png,"45,605,826"
28,Argentina,Guarani,Regional,4,TRUE,TRUE,South America,292297,79,Yes,AR,Argentina,Argentina.png,"45,605,826"
29,Argentina,Kom,Regional,4,FALSE,FALSE,South America,292297,79,Yes,AR,Argentina,Argentina.png,"45,605,826"
30,Argentina,Moquoit,Regional,4,FALSE,FALSE,South America,292297,79,Yes,AR,Argentina,Argentina.png,"45,605,826"
31,Argentina,Wichi,Regional,4,TRUE,FALSE,South America,292297,79,Yes,AR,Argentina,Argentina.png,"45,605,826"
32,Armenia,Armenian,Official,1,FALSE,TRUE,Asia,163643,59.9,No,AM,Armenia,Armenia.png,"2,968,127"
33,Armenia,Artsakh,Official,1,FALSE,TRUE,Asia,163643,59.9,No,AM,Armenia,Armenia.png,"2,968,127"
34,Australia,English,Official,1,TRUE,TRUE,Oceania,1725709,90.3,Yes,AS,Australia,Australia.png,"25,788,215"
35,Austria,German,Official,1,TRUE,TRUE,Europe,560276,86.6,Yes,AU,Austria,Austria.png,"9,043,070"
36,Austria,Croatian,Regional,4,TRUE,TRUE,Europe,560276,86.6,Yes,AU,Austria,Austria.png,"9,043,070"
37,Austria,Hungarian,Regional,4,TRUE,TRUE,Europe,560276,86.6,Yes,AU,Austria,Austria.png,"9,043,070"
38,Austria,Slovene,Regional,4,TRUE,TRUE,Europe,560276,86.6,Yes,AU,Austria,Austria.png,"9,043,070"
39,Austria,Czech,Minority,5,TRUE,TRUE,Europe,560276,86.6,Yes,AU,Austria,Austria.png,"9,043,070"
40,Austria,Hungarian,Minority,5,TRUE,TRUE,Europe,560276,86.6,Yes,AU,Austria,Austria.png,"9,043,070"
41,Austria,Slovak,Minority,5,TRUE,TRUE,Europe,560276,86.6,Yes,AU,Austria,Austria.png,"9,043,070"
42,Austria,Romani,Minority,5,FALSE,FALSE,Europe,560276,86.6,Yes,AU,Austria,Austria.png,"9,043,070"
43,Austria,Servian,Minority,5,FALSE,TRUE,Europe,560276,86.6,Yes,AU,Austria,Austria.png,"9,043,070"
44,Azerbaijan,Azerbaijani,Official,1,FALSE,TRUE,Asia,148766,72.9,No,AJ,Azerbaijan,Azerbaijan.png,"10,223,342"
45,Bahamas,English,Official,1,TRUE,TRUE,North America,1170979,50,Yes,BF,Bahamas,Bahamas.png,"396,913"
46,Bahrain,Arabic,Official,1,TRUE,TRUE,Asia,142298,81.2,Yes,BA,Bahrain,Bahrain.png,"1,748,296"
47,Bangladesh,Bengali,Official,1,TRUE,TRUE,Asia,136369,65.8,Yes,BG,Bangladesh,Bangladesh.png,"166,303,498"
48,Barbados,English,Official,1,TRUE,TRUE,North America,260217,50,No,BB,Barbados,Barbados.png,"287,711"
49,Belarus,Belarusian,Official,1,TRUE,FALSE,Europe,529149,68.6,Yes,BO,Belarus,Belarus.png,"9,442,862"
50,Belarus,Russian,Official,1,TRUE,TRUE,Europe,529149,68.6,Yes,BO,Belarus,Belarus.png,"9,442,862"
51,Belgium,Dutch,Official,1,TRUE,TRUE,Europe,1587447,90.4,Yes,BE,Belgium,Belgium.png,"11,632,326"
52,Belgium,French,Official,1,TRUE,TRUE,Europe,1587447,90.4,Yes,BE,Belgium,Belgium.png,"11,632,326"
53,Belgium,German,Official,1,TRUE,TRUE,Europe,1587447,90.4,Yes,BE,Belgium,Belgium.png,"11,632,326"
54,Belize,English,Official,1,TRUE,TRUE,North America,862855,50,No,BH,Belize,Belize.png,"404,914"
55,Belize,Spanish,Regional,4,TRUE,TRUE,North America,862855,50,No,BH,Belize,Belize.png,"404,914"
56,Benin,French,Official,1,TRUE,TRUE,Africa,30681,50,No,BN,Benin,Benin.png,"12,451,040"
57,Bhutan,Dzongkha,Official,1,TRUE,TRUE,Asia,130914,50,No,BT,Bhutan,Bhutan.png,"779,898"
58,Boliva,Spanish,Official,1,TRUE,TRUE,South America,130914,78.7,No,BL,Bolivia,Boliva.png,"11,832,940"
58,Boliva,Quechua,Regional,4,FALSE,FALSE,South America,130914,78.7,No,BL,Bolivia,Boliva.png,"11,832,940"
58,Boliva,Aymara,Regional,4,FALSE,FALSE,South America,130914,78.7,No,BL,Bolivia,Boliva.png,"11,832,940"
59,Bosnia and Herzegovina,Bosnian,Official,1,FALSE,FALSE,Europe,501299,50,No,BK,Bosnia and Herzegovina,Bosnia_and_Herzegovina.png,"3,263,466"
60,Bosnia and Herzegovina,Croatian,Official,1,TRUE,TRUE,Europe,501299,50,No,BK,Bosnia and Herzegovina,Bosnia_and_Herzegovina.png,"3,263,466"
61,Bosnia and Herzegovina,Serbian,Official,1,FALSE,TRUE,Europe,501299,50,No,BK,Bosnia and Herzegovina,Bosnia_and_Herzegovina.png,"3,263,466"
62,Botswana,English,Official,1,TRUE,TRUE,Africa,27613,50,No,BC,Botswana,Botswana.png,"2,397,241"
63,Botswana,Tswana,Official,1,TRUE,TRUE,Africa,27613,50,No,BC,Botswana,Botswana.png,"2,397,241"
64,Brazil,Portuguese,Official,1,TRUE,TRUE,South America,584594,72,Yes,BR,Brazil,Brazil.png,"213,993,437"
65,Brazil,East Pomeranian,Regional,4,TRUE,TRUE,South America,584594,72,Yes,BR,Brazil,Brazil.png,"213,993,437"
66,Brazil,Riograndenser Hunsruckish,Regional,4,FALSE,FALSE,South America,584594,72,Yes,BR,Brazil,Brazil.png,"213,993,437"
67,Brazil,Talian,Regional,4,FALSE,FALSE,South America,584594,72,Yes,BR,Brazil,Brazil.png,"213,993,437"
68,Brazil,Nheengatu,Regional,4,FALSE,TRUE,South America,584594,72,Yes,BR,Brazil,Brazil.png,"213,993,437"
69,Brazil,Guarani,Regional,4,TRUE,TRUE,South America,584594,72,Yes,BR,Brazil,Brazil.png,"213,993,437"
70,Brunei,Malay,Official,1,TRUE,FALSE,North America,468391,50,No,BX,Brunei Darussalam,Brunei.png,"441,532"
71,Brunei,English,Official,1,TRUE,TRUE,North America,468391,50,No,BX,Brunei Darussalam,Brunei.png,"441,532"
72,Bulgaria,Bulgarian,Official,1,TRUE,FALSE,Europe,476234,79.5,Yes,BU,Bulgaria,Bulgaria.png,"6,896,663"
73,Burkina Faso,French,Official,1,TRUE,TRUE,Africa,23011,0,No,UV,Burkina Faso,Burkina_Faso.png,"21,497,096"
74,Burkina Faso,Fula,National,2,FALSE,FALSE,Africa,23011,0,No,UV,Burkina Faso,Burkina_Faso.png,"21,497,096"
75,Burkina Faso,Jula,National,2,FALSE,FALSE,Africa,23011,0,No,UV,Burkina Faso,Burkina_Faso.png,"21,497,096"
76,Burkina Faso,More,National,2,FALSE,FALSE,Africa,23011,0,No,UV,Burkina Faso,Burkina_Faso.png,"21,497,096"
77,Burkina Faso,Kirundi,National,2,FALSE,FALSE,Africa,23011,0,No,UV,Burkina Faso,Burkina_Faso.png,"21,497,096"
78,Burkina Faso,Swahili,Widely-spoken,3,TRUE,TRUE,Africa,23011,0,No,UV,Burkina Faso,Burkina_Faso.png,"21,497,096"
79,Burundi,French,Official,1,TRUE,TRUE,Africa,21241,50,No,BY,Burundi,Burundi.png,"12,255,433"
80,Burundi,Kirundi,Official,1,FALSE,FALSE,Africa,21241,50,No,BY,Burundi,Burundi.png,"12,255,433"
81,Burundi,English,Official,1,TRUE,TRUE,Africa,21241,50,No,BY,Burundi,Burundi.png,"12,255,433"
82,Cambodia,Khmer,Official,1,FALSE,TRUE,Asia,467550,81.1,Yes,CB,Cambodia,Cambodia.png,"16,946,438"
83,Cameroon,English,Official,1,TRUE,TRUE,Africa,18408,50,No,CM,Cameroon,Cameroon.png,"27,224,265"
84,Cameroon,French,Official,1,TRUE,TRUE,Africa,18408,50,No,CM,Cameroon,Cameroon.png,"27,224,265"
85,Canada,English,Official,1,TRUE,TRUE,North America,14994045,88.8,Yes,CA,Canada,Canada.png,"38,067,903"
86,Canada,French,Official,1,TRUE,TRUE,North America,14994045,88.8,Yes,CA,Canada,Canada.png,"38,067,903"
87,Canada,Chipewyan,Regional,4,TRUE,TRUE,North America,14994045,88.8,Yes,CA,Canada,Canada.png,"38,067,903"
88,Canada,Cree,Regional,4,FALSE,FALSE,North America,14994045,88.8,Yes,CA,Canada,Canada.png,"38,067,903"
89,Canada,Gwich'in,Regional,4,TRUE,FALSE,North America,14994045,88.8,Yes,CA,Canada,Canada.png,"38,067,903"
90,Canada,Inuinnaqtun,Regional,4,TRUE,TRUE,North America,14994045,88.8,Yes,CA,Canada,Canada.png,"38,067,903"
91,Canada,Inuktitut,Regional,4,TRUE,TRUE,North America,14994045,88.8,Yes,CA,Canada,Canada.png,"38,067,903"
92,Canada,Inuvialuktun,Regional,4,TRUE,TRUE,North America,14994045,88.8,Yes,CA,Canada,Canada.png,"38,067,903"
93,Canada,North Slavey,Regional,4,FALSE,TRUE,North America,14994045,88.8,Yes,CA,Canada,Canada.png,"38,067,903"
94,Canada,South Slavey,Regional,4,FALSE,FALSE,North America,14994045,88.8,Yes,CA,Canada,Canada.png,"38,067,903"
95,Cape Verde,Portuguese,Official,1,TRUE,TRUE,North America,14994045,88.8,Yes,CV,Cape Verde,Cape_Verde.png,"561,898"
96,Cape Verde,Cape Verdean Creole,National,2,TRUE,FALSE,North America,14994045,88.8,Yes,CV,Cape Verde,Cape_Verde.png,"561,898"
97,Central African Republic,French,Official,1,TRUE,TRUE,Africa,17258,0,No,CT,Central African Republic,Central_African_Republic.png,"4,919,981"
98,Central African Republic,Sango,Minority,5,FALSE,FALSE,Africa,17258,0,No,CT,Central African Republic,Central_African_Republic.png,"4,919,981"
99,Chad,Arabic,Official,1,TRUE,TRUE,Africa,16243,0,No,CD,Chad,Chad.png,"16,914,985"
100,Chad,French,Official,1,TRUE,TRUE,Africa,16243,0,No,CD,Chad,Chad.png,"16,914,985"
101,Chile,Spanish,Official,1,TRUE,TRUE,South America,389729,76.7,Yes,CI,Chile,Chile.png,"19,212,361"
102,China,Mandarin,Official,1,TRUE,FALSE,Asia,545475,76,Yes,CH,China,China.png,"1,444,216,107"
103,China,English (Hong Kong),Regional,4,TRUE,TRUE,Asia,545475,76,Yes,CH,China,China.png,"1,444,216,107"
104,China,Portuguese (Macau),Regional,4,TRUE,TRUE,Asia,545475,76,Yes,CH,China,China.png,"1,444,216,107"
105,China,Mongolian,Minority,5,FALSE,FALSE,Asia,545475,76,Yes,CH,China,China.png,"1,444,216,107"
106,China,Uyghur,Minority,5,FALSE,FALSE,Asia,545475,76,Yes,CH,China,China.png,"1,444,216,107"
107,China,Tibetan,Minority,5,TRUE,TRUE,Asia,545475,76,Yes,CH,China,China.png,"1,444,216,107"
108,China,Zhuang,Minority,5,FALSE,FALSE,Asia,545475,76,Yes,CH,China,China.png,"1,444,216,107"
109,China,Kazakh,Minority,5,FALSE,FALSE,Asia,545475,76,Yes,CH,China,China.png,"1,444,216,107"
110,China,Korean,Minority,5,TRUE,TRUE,Asia,545475,76,Yes,CH,China,China.png,"1,444,216,107"
111,China,Cantonese,Widely-spoken,3,TRUE,FALSE,Asia,545475,76,Yes,CH,China,China.png,"1,444,216,107"
112,Christmas Island,English,Official,1,TRUE,TRUE,Oceania,345142,50,No,KT,Christmas Island,Christmas_Island.png,"1,966"
113,Christmas Island,Mandarin,Official,1,TRUE,FALSE,Oceania,345142,50,No,KT,Christmas Island,Christmas_Island.png,"1,966"
114,Christmas Island,Malay,Official,1,TRUE,FALSE,Oceania,345142,50,No,KT,Christmas Island,Christmas_Island.png,"1,966"
115,Cocos Islands,English,Official,1,TRUE,TRUE,Oceania,191745,50,No,CK,Cocos (Keeling) Islands,Cocos_Islands.png,573
116,Cocos Islands,Cocos Malay,Official,1,TRUE,TRUE,Oceania,191745,50,No,CK,Cocos (Keeling) Islands,Cocos_Islands.png,573
117,Columbia,Spanish,Official,1,TRUE,TRUE,South America,167027,73.3,Yes,CO,Colombia,Columbia.png,"51,265,844"
118,Comoros,Arabic,Official,1,TRUE,TRUE,Africa,15340,50,No,CN,Comoros,Comoros.png,"888,451"
119,Comoros,Comorian,Official,1,TRUE,TRUE,Africa,15340,50,No,CN,Comoros,Comoros.png,"888,451"
120,Comoros,French,Official,1,TRUE,TRUE,Africa,15340,50,No,CN,Comoros,Comoros.png,"888,451"
464,Congo,French,Official,1,TRUE,TRUE,Africa,14533,50,Yes,CF,Congo,DR_Congo.png,"92,377,993"
465,Congo,Lingala,Minority,5,TRUE,TRUE,Africa,14533,50,Yes,CF,Congo,DR_Congo.png,"92,377,993"
466,Congo,Munukutuba,Minority,5,FALSE,FALSE,Africa,14533,50,Yes,CF,Congo,DR_Congo.png,"92,377,993"
121,Cook Islands,English,Official,1,TRUE,TRUE,Oceania,287618,50,No,CW,Cook Islands,Cook_Islands.png,"17,565"
122,Cook Islands,Cook Islands Maori,Official,1,TRUE,TRUE,Oceania,287618,50,No,CW,Cook Islands,Cook_Islands.png,"17,565"
123,Costa Rica,Spanish,Official,1,TRUE,TRUE,North America,1725709,65.8,Yes,CS,Costa Rica,Costa_Rica.png,"5,139,052"
124,Costa Rica,Limonese Creoloe,Minority,5,TRUE,TRUE,North America,1725709,65.8,Yes,CS,Costa Rica,Costa_Rica.png,"5,139,052"
284,Côte d’Ivoire,French,Official,1,TRUE,TRUE,Africa,13806,50,No,IV,Cote d'Ivoire,Cote_d'lvoire.png,"26,378,274"
125,Croatia,Croatian,Official,1,TRUE,TRUE,Europe,453556,83.4,Yes,HR,Croatia,Croatia.png,"4,081,651"
126,Croatia,Serbian,Regional,4,FALSE,TRUE,Europe,453556,83.4,Yes,HR,Croatia,Croatia.png,"4,081,651"
127,Croatia,Hungarian,Regional,4,TRUE,TRUE,Europe,453556,83.4,Yes,HR,Croatia,Croatia.png,"4,081,651"
128,Croatia,Czech,Regional,4,TRUE,TRUE,Europe,453556,83.4,Yes,HR,Croatia,Croatia.png,"4,081,651"
129,Croatia,Slovak,Regional,4,TRUE,TRUE,Europe,453556,83.4,Yes,HR,Croatia,Croatia.png,"4,081,651"
130,Croatia,Pannonian Rusyn,Regional,4,FALSE,FALSE,Europe,453556,83.4,Yes,HR,Croatia,Croatia.png,"4,081,651"
131,Cuba,Spanish,Official,1,TRUE,TRUE,North America,167283,50,No,CU,Cuba,Cuba.png,"11,317,505"
132,Cyprus,Greek,Official,1,TRUE,TRUE,Asia,45447,50,No,CY,Cyprus,Cyprus.png,"1,215,584"
133,Cyprus,Turkish,Official,1,TRUE,TRUE,Asia,45447,50,No,CY,Cyprus,Cyprus.png,"1,215,584"
134,Cyprus,Armenian,National,2,FALSE,TRUE,Asia,45447,50,No,CY,Cyprus,Cyprus.png,"1,215,584"
135,Cyprus,Cypriot Arabic,National,2,TRUE,TRUE,Asia,45447,50,No,CY,Cyprus,Cyprus.png,"1,215,584"
136,Czech Republic,Czech,Official,1,TRUE,TRUE,Asia,45447,73,No,EZ,Czech Republic,Czechia.png,"10,724,555"
137,Czech Republic,Slovak,Official,1,TRUE,TRUE,Asia,45447,73,No,EZ,Czech Republic,Czechia.png,"10,724,555"
138,Czech Republic,Belarusian,Minority,5,TRUE,FALSE,Asia,45447,73,No,EZ,Czech Republic,Czechia.png,"10,724,555"
139,Czech Republic,Bulgarian,Minority,5,TRUE,FALSE,Asia,45447,73,No,EZ,Czech Republic,Czechia.png,"10,724,555"
140,Czech Republic,Croatian,Minority,5,TRUE,TRUE,Asia,45447,73,No,EZ,Czech Republic,Czechia.png,"10,724,555"
141,Czech Republic,German,Minority,5,TRUE,TRUE,Asia,45447,73,No,EZ,Czech Republic,Czechia.png,"10,724,555"
142,Czech Republic,Greek,Minority,5,TRUE,TRUE,Asia,45447,73,No,EZ,Czech Republic,Czechia.png,"10,724,555"
143,Czech Republic,Hungarian,Minority,5,TRUE,TRUE,Asia,45447,73,No,EZ,Czech Republic,Czechia.png,"10,724,555"
144,Czech Republic,Polish,Minority,5,TRUE,TRUE,Asia,45447,73,No,EZ,Czech Republic,Czechia.png,"10,724,555"
145,Czech Republic,Romani,Minority,5,FALSE,FALSE,Asia,45447,73,No,EZ,Czech Republic,Czechia.png,"10,724,555"
146,Czech Republic,Russian,Minority,5,TRUE,TRUE,Asia,45447,73,No,EZ,Czech Republic,Czechia.png,"10,724,555"
147,Czech Republic,Rusyn,Minority,5,TRUE,TRUE,Asia,45447,73,No,EZ,Czech Republic,Czechia.png,"10,724,555"
148,Czech Republic,Serbian,Minority,5,FALSE,TRUE,Asia,45447,73,No,EZ,Czech Republic,Czechia.png,"10,724,555"
149,Czech Republic,Ukrainian,Minority,5,TRUE,FALSE,Asia,45447,73,No,EZ,Czech Republic,Czechia.png,"10,724,555"
150,Czech Republic,Vietnamese,Minority,5,TRUE,TRUE,Asia,45447,73,No,EZ,Czech Republic,Czechia.png,"10,724,555"
394,Democratic People's Republic of Korea,Korean,Official,1,TRUE,TRUE,Asia,0,0,No,KN,"Korea, Democratic People's Republic of",North_Korea.png,"25,887,041"
151,Democratic Republic of the Congo,French,Official,1,TRUE,TRUE,Africa,13149,50,Yes,CG,Democratic Republic of the Congo,DR_Congo.png,"92,377,993"
152,Democratic Republic of the Congo,Lingala,Minority,5,TRUE,TRUE,Africa,13149,50,Yes,CG,Democratic Republic of the Congo,DR_Congo.png,"92,377,993"
153,Democratic Republic of the Congo,Kikongo,Minority,5,FALSE,TRUE,Africa,13149,50,Yes,CG,Democratic Republic of the Congo,DR_Congo.png,"92,377,993"
154,Democratic Republic of the Congo,Swahili,National,2,TRUE,TRUE,Africa,13149,50,Yes,CG,Democratic Republic of the Congo,DR_Congo.png,"92,377,993"
155,Democratic Republic of the Congo,Tshiluba,National,2,TRUE,TRUE,Africa,13149,50,Yes,CG,Democratic Republic of the Congo,DR_Congo.png,"92,377,993"
156,Denmark,Danish,Official,1,TRUE,TRUE,Europe,1360669,88.6,Yes,DA,Denmark,Denmark.png,"5,813,298"
157,Denmark,Faroese,Regional,4,TRUE,FALSE,Europe,1360669,88.6,Yes,DA,Denmark,Denmark.png,"5,813,298"
158,Denmark,Kalaallisut,Regional,4,FALSE,FALSE,Europe,1360669,88.6,Yes,DA,Denmark,Denmark.png,"5,813,298"
159,Denmark,German,Minority,5,TRUE,TRUE,Europe,1360669,88.6,Yes,DA,Denmark,Denmark.png,"5,813,298"
160,Djibouti,Arabic,Official,1,TRUE,TRUE,Africa,12551,50,No,DJ,Djibouti,Djibouti.png,"1,002,187"
161,Djibouti,French,Official,1,TRUE,TRUE,Africa,12551,50,No,DJ,Djibouti,Djibouti.png,"1,002,187"
162,Dominica,English,Official,1,TRUE,TRUE,North America,234196,50,No,DO,Dominica,Dominica.png,"72,167"
163,Dominican Republic,Spanish,Official,1,TRUE,TRUE,North America,2341957,73.6,Yes,DR,Dominican Republic,Dominica.png,"10,953,703"
166,Ecuador,Spanish,Official,1,TRUE,TRUE,South America,146148,57.1,No,EC,Ecuador,Ecuador.png,"17,888,475"
167,Ecuador,Quechua,Official,1,FALSE,FALSE,South America,146148,57.1,No,EC,Ecuador,Ecuador.png,"17,888,475"
168,Ecuador,Kichwa,Minority,5,FALSE,TRUE,South America,146148,57.1,No,EC,Ecuador,Ecuador.png,"17,888,475"
169,Ecuador,Shuar,Minority,5,FALSE,FALSE,South America,146148,57.1,No,EC,Ecuador,Ecuador.png,"17,888,475"
170,Egypt,Arabic,Official,1,TRUE,TRUE,Africa,276127,65.4,Yes,EG,Egypt,Egypt.png,"104,258,327"
171,Egypt,Coptic,Minority,5,TRUE,TRUE,Africa,276127,65.4,Yes,EG,Egypt,Egypt.png,"104,258,327"
172,Egypt,Egyptian Arabic,Widely-spoken,3,TRUE,TRUE,Africa,276127,65.4,Yes,EG,Egypt,Egypt.png,"104,258,327"
173,El Salvador,Spanish,Official,1,TRUE,TRUE,North America,575236,62.8,No,ES,El Salvador,El_Salvador.png,"6,518,499"
174,Equatorial Guinea,French,Official,1,TRUE,TRUE,Africa,12006,50,No,EK,Equatorial Guinea,Equitorial_Guinea.png,"1,449,896"
175,Equatorial Guinea,Portuguese,Official,1,TRUE,TRUE,Africa,12006,50,No,EK,Equatorial Guinea,Equitorial_Guinea.png,"1,449,896"
176,Equatorial Guinea,Spanish,Official,1,TRUE,TRUE,Africa,12006,50,No,EK,Equatorial Guinea,Equitorial_Guinea.png,"1,449,896"
177,Eritrea,Tigrinya,Official,1,TRUE,TRUE,Africa,11505,0,No,ER,Eritrea,Eritrea.png,"3,601,467"
178,Eritrea,Arabic,Widely-spoken,3,TRUE,TRUE,Africa,11505,0,No,ER,Eritrea,Eritrea.png,"3,601,467"
179,Eritrea,Italian,Widely-spoken,3,TRUE,TRUE,Africa,11505,0,No,ER,Eritrea,Eritrea.png,"3,601,467"
180,Estonia,Estonian,Official,1,TRUE,FALSE,Europe,414117,84.21,Yes,EN,Estonia,Estonia.png,"1,325,185"
181,Eswatini,English,Official,1,TRUE,TRUE,Africa,11045,50,No,WZ,Swaziland,Swaziland.png,"1,171,029"
182,Eswatini,Swazi,Official,1,TRUE,TRUE,Africa,11045,50,No,WZ,Swaziland,Swaziland.png,"1,171,029"
183,Ethiopia,Afar,Official,1,FALSE,FALSE,Africa,10620,50,Yes,ET,Ethiopia,Ethiopia.png,"117,876,227"
184,Ethiopia,Amharic,Official,1,FALSE,FALSE,Africa,10620,50,Yes,ET,Ethiopia,Ethiopia.png,"117,876,227"
185,Ethiopia,Oromo,Official,1,FALSE,FALSE,Africa,10620,50,Yes,ET,Ethiopia,Ethiopia.png,"117,876,227"
186,Ethiopia,Somali,Official,1,FALSE,FALSE,Africa,10620,50,Yes,ET,Ethiopia,Ethiopia.png,"117,876,227"
187,Ethiopia,Tigrinya,Official,1,TRUE,TRUE,Africa,10620,50,Yes,ET,Ethiopia,Ethiopia.png,"117,876,227"
188,Ethiopia,Afar,National,2,FALSE,FALSE,Africa,10620,50,Yes,ET,Ethiopia,Ethiopia.png,"117,876,227"
189,Ethiopia,Amharic,National,2,FALSE,FALSE,Africa,10620,50,Yes,ET,Ethiopia,Ethiopia.png,"117,876,227"
190,Ethiopia,Benshangul,National,2,TRUE,TRUE,Africa,10620,50,Yes,ET,Ethiopia,Ethiopia.png,"117,876,227"
191,Ethiopia,Gumuz,National,2,TRUE,FALSE,Africa,10620,50,Yes,ET,Ethiopia,Ethiopia.png,"117,876,227"
192,Ethiopia,Harari,National,2,TRUE,FALSE,Africa,10620,50,Yes,ET,Ethiopia,Ethiopia.png,"117,876,227"
193,Ethiopia,Kunama,National,2,TRUE,TRUE,Africa,10620,50,Yes,ET,Ethiopia,Ethiopia.png,"117,876,227"
194,Ethiopia,Sidamo,National,2,FALSE,FALSE,Africa,10620,50,Yes,ET,Ethiopia,Ethiopia.png,"117,876,227"
198,Fiji,English,Official,1,TRUE,TRUE,Oceania,431427,50,No,FJ,Fiji,Fiji.png,"902,906"
199,Fiji,Fijian,Official,1,TRUE,FALSE,Oceania,431427,50,No,FJ,Fiji,Fiji.png,"902,906"
200,Fiji,Fiji Hindi,Official,1,TRUE,FALSE,Oceania,431427,50,No,FJ,Fiji,Fiji.png,"902,906"
201,Finland,Finnish,Official,1,TRUE,TRUE,Europe,380987,89.6,Yes,FI,Finland,Finland.png,"5,548,360"
202,Finland,Swedish,Official,1,TRUE,TRUE,Europe,380987,89.6,Yes,FI,Finland,Finland.png,"5,548,360"
203,Finland,Sami,Regional,4,TRUE,TRUE,Europe,380987,89.6,Yes,FI,Finland,Finland.png,"5,548,360"
204,France,French,Official,1,TRUE,TRUE,Europe,9524684,79.7,Yes,FR,France,France.png,"65,426,179"
205,France,Corsican,Regional,4,FALSE,FALSE,Europe,9524684,79.7,Yes,FR,France,France.png,"65,426,179"
206,Gabon,French,Official,1,TRUE,TRUE,Africa,9862,50,No,GB,Gabon,Gabon.png,"2,278,825"
207,Gambia,English,Official,1,TRUE,TRUE,Africa,9522,50,No,GA,Gambia,Gambia.png,"2,486,945"
208,Georgia,Georgian,Official,1,TRUE,FALSE,Asia,84835,74.54,No,GG,Georgia,Georgia.png,"3,979,765"
540,Georgia,Ossetian,Official,1,FALSE,FALSE,Asia,84835,74.54,No,GG,Georgia,Georgia.png,"3,979,765"
541,Georgia,Russian,Official,1,TRUE,TRUE,Asia,84835,74.54,No,GG,Georgia,Georgia.png,"3,979,765"
542,Georgia,Georgian,Regional,4,TRUE,FALSE,Asia,84835,74.54,No,GG,Georgia,Georgia.png,"3,979,765"
209,Germany,German,Official,1,TRUE,TRUE,Europe,4762342,76.9,Yes,GM,Germany,Germany.png,"83,900,473"
210,Germany,Danish,Regional,4,TRUE,TRUE,Europe,4762342,76.9,Yes,GM,Germany,Germany.png,"83,900,473"
211,Germany,Lower Sorbian,Regional,4,TRUE,FALSE,Europe,4762342,76.9,Yes,GM,Germany,Germany.png,"83,900,473"
212,Germany,North Frisian,Regional,4,FALSE,TRUE,Europe,4762342,76.9,Yes,GM,Germany,Germany.png,"83,900,473"
213,Germany,Saterland Frisian,Regional,4,FALSE,FALSE,Europe,4762342,76.9,Yes,GM,Germany,Germany.png,"83,900,473"
214,Germany,Upper Sorbian,Regional,4,TRUE,FALSE,Europe,4762342,76.9,Yes,GM,Germany,Germany.png,"83,900,473"
215,Germany,Low German,Regional,4,TRUE,FALSE,Europe,4762342,76.9,Yes,GM,Germany,Germany.png,"83,900,473"
216,Ghana,English,Official,1,TRUE,TRUE,Africa,9204,61.2,No,GH,Ghana,Ghana.png,"31,732,129"
217,Ghana,Fante,Regional,4,TRUE,FALSE,Africa,9204,61.2,No,GH,Ghana,Ghana.png,"31,732,129"
218,Ghana,Asante Twi,Regional,4,FALSE,TRUE,Africa,9204,61.2,No,GH,Ghana,Ghana.png,"31,732,129"
219,Ghana,Akuapem Twi,Regional,4,TRUE,TRUE,Africa,9204,61.2,No,GH,Ghana,Ghana.png,"31,732,129"
220,Ghana,Adangme (in Greater Accra),Regional,4,FALSE,FALSE,Africa,9204,61.2,No,GH,Ghana,Ghana.png,"31,732,129"
221,Ghana,Dagaare (in the Upper West Region),Regional,4,TRUE,TRUE,Africa,9204,61.2,No,GH,Ghana,Ghana.png,"31,732,129"
222,Ghana,Dagbani (in the Northern Region),Regional,4,TRUE,TRUE,Africa,9204,61.2,No,GH,Ghana,Ghana.png,"31,732,129"
223,Ghana,Ewe (in the Volta Region),Regional,4,TRUE,FALSE,Africa,9204,61.2,No,GH,Ghana,Ghana.png,"31,732,129"
224,Ghana,Ga (in the Greater Accra),Regional,4,FALSE,FALSE,Africa,9204,61.2,No,GH,Ghana,Ghana.png,"31,732,129"
225,Ghana,Gonja (in the Northern Region),Regional,4,TRUE,TRUE,Africa,9204,61.2,No,GH,Ghana,Ghana.png,"31,732,129"
226,Ghana,Kasem (in the Upper East Region),Regional,4,TRUE,FALSE,Africa,9204,61.2,No,GH,Ghana,Ghana.png,"31,732,129"
227,Ghana,Nzema (in the Western Region),Regional,4,TRUE,TRUE,Africa,9204,61.2,No,GH,Ghana,Ghana.png,"31,732,129"
228,Greece,Greek,Official,1,TRUE,TRUE,Europe,352766,83.2,Yes,GR,Greece,Greece.png,"10,370,744"
229,Grenada,English,Official,1,TRUE,TRUE,North America,223044,50,No,GJ,Grenada,Grenada.png,"113,021"
230,Guatemala,Spanish,Official,1,TRUE,TRUE,North America,287618,73.1,No,GT,Guatemala,Guatemala.png,"18,249,860"
231,Guinea,French,Official,1,TRUE,TRUE,Africa,8907,0,No,GV,Guinea,Guinea.png,"13,497,244"
232,Guinea,Fula,Widely-spoken,3,FALSE,FALSE,Africa,8907,0,No,GV,Guinea,Guinea.png,"13,497,244"
233,Guinea,Maninka,Widely-spoken,3,TRUE,FALSE,Africa,8907,0,No,GV,Guinea,Guinea.png,"13,497,244"
234,Guinea,Susu,Widely-spoken,3,FALSE,FALSE,Africa,8907,0,No,GV,Guinea,Guinea.png,"13,497,244"
235,Guinea-Bissau,Portuguese,Official,1,TRUE,TRUE,Africa,8907,0,No,GV,Guinea,Guinea.png,"13,497,244"
236,Guyana,English,Official,1,TRUE,TRUE,South America,106290,50,No,GY,Guyana,Guyana.png,"790,326"
237,Guyana,Guyanese Creole,Widely-spoken,3,TRUE,FALSE,South America,106290,50,No,GY,Guyana,Guyana.png,"790,326"
238,Haiti,French,Official,1,TRUE,TRUE,North America,203648,50,No,HA,Haiti,Haiti.png,"11,541,685"
239,Haiti,Haitian Creole,Official,1,TRUE,FALSE,North America,203648,50,No,HA,Haiti,Haiti.png,"11,541,685"
240,Honduras,Spanish,Official,1,TRUE,TRUE,North America,431427,50,Yes,HO,Honduras,Honduras.png,"10,062,991"
241,Honduras,Garifuna (on the Caribbean Coast),Regional,4,TRUE,FALSE,North America,431427,50,Yes,HO,Honduras,Honduras.png,"10,062,991"
242,Honduras,English (in the Bay Islands),Regional,4,TRUE,TRUE,North America,431427,50,Yes,HO,Honduras,Honduras.png,"10,062,991"
243,Honduras,Miskito (in Eastern Honduras),Regional,4,TRUE,FALSE,North America,431427,50,Yes,HO,Honduras,Honduras.png,"10,062,991"
244,Hungary,Hungarian,Official,1,TRUE,TRUE,Europe,317489,91.4,Yes,HU,Hungary,Hungary.png,"9,634,164"
245,Hungary,Croatian,Minority,5,TRUE,TRUE,Europe,317489,91.4,Yes,HU,Hungary,Hungary.png,"9,634,164"
246,Hungary,German,Minority,5,TRUE,TRUE,Europe,317489,91.4,Yes,HU,Hungary,Hungary.png,"9,634,164"
247,Hungary,Romanian,Minority,5,TRUE,TRUE,Europe,317489,91.4,Yes,HU,Hungary,Hungary.png,"9,634,164"
248,Hungary,Serbian,Minority,5,FALSE,TRUE,Europe,317489,91.4,Yes,HU,Hungary,Hungary.png,"9,634,164"
249,Hungary,Slovak,Minority,5,TRUE,TRUE,Europe,317489,91.4,Yes,HU,Hungary,Hungary.png,"9,634,164"
250,Hungary,Slovene,Minority,5,TRUE,TRUE,Europe,317489,91.4,Yes,HU,Hungary,Hungary.png,"9,634,164"
251,Iceland,Icelandic,Official,1,TRUE,TRUE,Europe,952468,61,Yes,IC,Iceland,Iceland.png,"343,353"
252,India,Hindi,Official,1,TRUE,TRUE,Asia,409106,90.9,Yes,IN,India,India.png,"1,393,409,038"
253,India,English,Official,1,TRUE,TRUE,Asia,409106,90.9,Yes,IN,India,India.png,"1,393,409,038"
254,India,Hindi,Widely-spoken,3,TRUE,TRUE,Asia,409106,90.9,Yes,IN,India,India.png,"1,393,409,038"
255,India,Bengali,Widely-spoken,3,TRUE,TRUE,Asia,409106,90.9,Yes,IN,India,India.png,"1,393,409,038"
256,India,Tamil,Widely-spoken,3,TRUE,TRUE,Asia,409106,90.9,Yes,IN,India,India.png,"1,393,409,038"
257,India,Telugu,Widely-spoken,3,TRUE,FALSE,Asia,409106,90.9,Yes,IN,India,India.png,"1,393,409,038"
258,India,Malayalam,Widely-spoken,3,FALSE,FALSE,Asia,409106,90.9,Yes,IN,India,India.png,"1,393,409,038"
259,India,Kannada,Widely-spoken,3,TRUE,FALSE,Asia,409106,90.9,Yes,IN,India,India.png,"1,393,409,038"
260,Indonesia,Indonesian,Official,1,TRUE,TRUE,Asia,363650,83.5,Yes,ID,Indonesia,Indonesia.png,"276,361,783"
261,Indonesia,Javanese,Official,1,FALSE,FALSE,Asia,363650,83.5,Yes,ID,Indonesia,Indonesia.png,"276,361,783"
262,Indonesia,Sundanese,Widely-spoken,3,FALSE,FALSE,Asia,363650,83.5,Yes,ID,Indonesia,Indonesia.png,"276,361,783"
263,Indonesia,Madurese,Widely-spoken,3,TRUE,FALSE,Asia,363650,83.5,Yes,ID,Indonesia,Indonesia.png,"276,361,783"
264,Indonesia,Minangkabau,Widely-spoken,3,TRUE,FALSE,Asia,363650,83.5,Yes,ID,Indonesia,Indonesia.png,"276,361,783"
265,Iran,Persian,Official,1,TRUE,FALSE,Asia,363650,83.5,Yes,IR,Iran (Islamic Republic of),Iran.png,"85,028,759"
266,Iraq,Arabic,Official,1,TRUE,TRUE,Asia,25451,59.7,No,IZ,Iraq,Iraq.png,"41,179,350"
267,Iraq,Assyrian Neo-Aramaic (in Assyrian areas),Regional,4,FALSE,TRUE,Asia,25451,59.7,No,IZ,Iraq,Iraq.png,"41,179,350"
268,Iraq,Iraqi Turkmen (in Turkmen areas),Regional,4,TRUE,TRUE,Asia,25451,59.7,No,IZ,Iraq,Iraq.png,"41,179,350"
269,Ireland,English,Official,1,TRUE,TRUE,Europe,1058298,63.7,Yes,EI,Ireland,Ireland.png,"4,982,907"
270,Ireland,Irish,National,2,TRUE,FALSE,Europe,1058298,63.7,Yes,EI,Ireland,Ireland.png,"4,982,907"
271,Israel,Hebrew,Official,1,TRUE,FALSE,Asia,127253,69.5,Yes,IS,Israel,Israel.png,"8,789,774"
272,Israel,Arabic,Regional,4,TRUE,TRUE,Asia,127253,69.5,Yes,IS,Israel,Israel.png,"8,789,774"
273,Israel,Russian,Widely-spoken,3,TRUE,TRUE,Asia,127253,69.5,Yes,IS,Israel,Israel.png,"8,789,774"
274,Israel,English,Widely-spoken,3,TRUE,TRUE,Asia,127253,69.5,Yes,IS,Israel,Israel.png,"8,789,774"
275,Italy,Italian,Official,1,TRUE,TRUE,Europe,1190586,79,Yes,IT,Italy,Italy.png,"60,367,477"
276,Italy,French (in Aosta Valley),Regional,4,TRUE,TRUE,Europe,1190586,79,Yes,IT,Italy,Italy.png,"60,367,477"
277,Italy,German (in South Tyrol),Regional,4,TRUE,TRUE,Europe,1190586,79,Yes,IT,Italy,Italy.png,"60,367,477"
278,Italy,Ladin (in South Tyrol),Regional,4,FALSE,FALSE,Europe,1190586,79,Yes,IT,Italy,Italy.png,"60,367,477"
279,Italy,"Slovene (in Province of Trieste, Province of Gorizia)",Regional,4,TRUE,TRUE,Europe,1190586,79,Yes,IT,Italy,Italy.png,"60,367,477"
280,Italy,Albanian/Arbereshe (in Sicily and Calabria),Regional,4,TRUE,FALSE,Europe,1190586,79,Yes,IT,Italy,Italy.png,"60,367,477"
281,Italy,Sardinian language (in Sardinia),Regional,4,FALSE,FALSE,Europe,1190586,79,Yes,IT,Italy,Italy.png,"60,367,477"
282,Italy,Corsican language (in North Sardinia),Regional,4,FALSE,FALSE,Europe,1190586,79,Yes,IT,Italy,Italy.png,"60,367,477"
283,Italy,"Two dialects of Greek language, Griko dialect (in Grecìa Salentina) and Calabrian Greek (in Calabria)",Regional,4,FALSE,FALSE,Europe,1190586,79,Yes,IT,Italy,Italy.png,"60,367,477"
285,Jamaica,English,Official,1,TRUE,TRUE,North America,936783,50,No,JM,Jamaica,Jamaica.png,"2,973,463"
286,Jamaica,Jamaican Patois,National,2,TRUE,TRUE,North America,936783,50,No,JM,Jamaica,Jamaica.png,"2,973,463"
287,Japan,Japanese,Official,1,TRUE,TRUE,Asia,1636425,96.3,Yes,JA,Japan,Japan.png,"126,050,804"
288,Jordan,Arabic,Official,1,TRUE,TRUE,Asia,43880,73.3,No,JO,Jordan,Jordan.png,"10,269,021"
289,Kazakhstan,Kazakh,Official,1,FALSE,FALSE,Asia,109095,81,Yes,KZ,Kazakhstan,Kazakhstan.png,"18,994,962"
290,Kazakhstan,Russian,Official,1,TRUE,TRUE,Asia,109095,81,Yes,KZ,Kazakhstan,Kazakhstan.png,"18,994,962"
291,Kenya,English,Official,1,TRUE,TRUE,Africa,55225,74.2,Yes,KE,Kenya,Kenya.png,"54,985,698"
292,Kenya,Swahili,National,2,TRUE,TRUE,Africa,55225,74.2,Yes,KE,Kenya,Kenya.png,"54,985,698"
293,Kiribati,English,Official,1,TRUE,TRUE,Oceania,143809,50,No,KR,Kiribati,Kiribati.png,"121,392"
294,Kiribati,Kiribati,National,2,FALSE,FALSE,Oceania,143809,50,No,KR,Kiribati,Kiribati.png,"121,392"
295,Kuwait,Arabic,Official,1,TRUE,TRUE,Asia,41049,90,Yes,KU,Kuwait,Kuwait.png,"4,328,550"
296,Kuwait,Kuwaiti Arabic,National,2,FALSE,FALSE,Asia,41049,90,Yes,KU,Kuwait,Kuwait.png,"4,328,550"
297,Kuwait,Kuwaiti Persian,National,2,FALSE,FALSE,Asia,41049,90,Yes,KU,Kuwait,Kuwait.png,"4,328,550"
298,Kyrgyzstan,Kyrgyz,Official,1,FALSE,FALSE,Asia,102277,50,No,KG,Kyrgyzstan,Kyrgyzstan.png,"6,628,356"
299,Kyrgyzstan,Russian,Official,1,TRUE,TRUE,Asia,102277,50,No,KG,Kyrgyzstan,Kyrgyzstan.png,"6,628,356"
300,Laos,Lao,Official,1,FALSE,FALSE,Asia,99177,50,No,LA,Lao People's Democratic Republic,Laos.png,"7,379,358"
301,Latvia,Latvian,Official,1,TRUE,TRUE,Europe,288627,84.17,Yes,LG,Latvia,Latvia.png,"1,866,942"
302,Lebanon,Arabic,Official,1,TRUE,TRUE,Asia,37427,78.6,No,LE,Lebanon,Lebanon.png,"6,769,146"
303,Lebanon,Armenian,Minority,5,FALSE,TRUE,Asia,37427,78.6,No,LE,Lebanon,Lebanon.png,"6,769,146"
304,Lebanon,Arabic,National,2,TRUE,TRUE,Asia,37427,78.6,No,LE,Lebanon,Lebanon.png,"6,769,146"
305,Lebanon,English,National,2,TRUE,TRUE,Asia,37427,78.6,No,LE,Lebanon,Lebanon.png,"6,769,146"
306,Lebanon,French,National,2,TRUE,TRUE,Asia,37427,78.6,No,LE,Lebanon,Lebanon.png,"6,769,146"
307,Lesotho,Sotho,Official,1,FALSE,FALSE,Africa,8367,50,Yes,LT,Lesotho,Lesotho.png,"2,159,079"
308,Lesotho,English,Official,1,TRUE,TRUE,Africa,8367,50,Yes,LT,Lesotho,Lesotho.png,"2,159,079"
309,Liberia,English,Official,1,TRUE,TRUE,Africa,8121,50,No,LI,Liberia,Liberia.png,"5,180,203"
310,Libya,Arabic,Official,1,TRUE,TRUE,Africa,7889,50,No,LY,Libyan Arab Jamahiriya,Libya.png,"6,958,532"
311,Liechtenstein,German,Official,1,TRUE,TRUE,Europe,280138,50,No,LS,Liechtenstein,Liechtenstein.png,"38,250"
312,Lithuania,Lithuanian,Official,1,TRUE,FALSE,Europe,272134,88.4,No,LH,Lithuania,/Lithuania.png,"2,689,862"
313,Luxembourg,French,Official,1,TRUE,TRUE,Europe,264575,79.95,Yes,LU,Luxembourg,Luxembourg.png,"634,814"
314,Luxembourg,German,Official,1,TRUE,TRUE,Europe,264575,79.95,Yes,LU,Luxembourg,Luxembourg.png,"634,814"
315,Luxembourg,Luxembourgish,Official,1,FALSE,FALSE,Europe,264575,79.95,Yes,LU,Luxembourg,Luxembourg.png,"634,814"
316,Madagascar,French,Official,1,TRUE,TRUE,Africa,92042,50,Yes,MA,Madagascar,Madagascar.png,"28,427,328"
317,Madagascar,Malagasy,Official,1,FALSE,FALSE,Africa,92042,50,Yes,MA,Madagascar,Madagascar.png,"28,427,328"
318,Malawi,English,Official,1,TRUE,TRUE,Africa,7670,50,No,MI,Malawi,Malawi.png,"19,647,684"
319,Malawi,Chichewa,Official,1,FALSE,FALSE,Africa,7670,50,No,MI,Malawi,Malawi.png,"19,647,684"
320,Malaysia,Maly,Official,1,TRUE,FALSE,Asia,93510,79.6,Yes,MY,Malaysia,Malaysia.png,"32,776,194"
321,Malaysia,English,Official,1,TRUE,TRUE,Asia,93510,79.6,Yes,MY,Malaysia,Malaysia.png,"32,776,194"
322,Malaysia,Mandarin,Widely-spoken,3,TRUE,FALSE,Asia,93510,79.6,Yes,MY,Malaysia,Malaysia.png,"32,776,194"
323,Malaysia,Cantonese,Widely-spoken,3,TRUE,FALSE,Asia,93510,79.6,Yes,MY,Malaysia,Malaysia.png,"32,776,194"
324,Maldives,Dhivehi,Official,1,TRUE,TRUE,Asia,90913,50,No,MV,Maldives,Maldives.png,"543,617"
325,Mali,French,Official,1,TRUE,TRUE,Africa,7463,50,No,ML,Mali,Mali.png,"20,855,735"
326,Mali,Tamazight,Regional,4,FALSE,FALSE,Africa,7463,50,No,ML,Mali,Mali.png,"20,855,735"
327,Malta,Maltese,Official,1,TRUE,FALSE,Europe,257424,50,Yes,MT,Malta,Malta.png,"442,784"
328,Malta,English,Official,1,TRUE,TRUE,Europe,257424,50,Yes,MT,Malta,Malta.png,"442,784"
329,Marshall Islands,English,Official,1,TRUE,TRUE,Oceania,132747,50,No,RM,Marshall Islands,Marshall_Islands.png,"59,610"
330,Marshall Islands,Marshallese,National,2,TRUE,FALSE,Oceania,132747,50,No,RM,Marshall Islands,Marshall_Islands.png,"59,610"
331,Mauritania,Arabic,Official,1,TRUE,TRUE,Africa,7267,0,No,MR,Mauritania,Mauritania.png,"4,775,119"
332,Mauritania,Fula,Official,1,FALSE,FALSE,Africa,7267,0,No,MR,Mauritania,Mauritania.png,"4,775,119"
333,Mauritania,Soninke,Official,1,FALSE,FALSE,Africa,7267,0,No,MR,Mauritania,Mauritania.png,"4,775,119"
334,Mauritania,Wolof,Official,1,TRUE,FALSE,Africa,7267,0,No,MR,Mauritania,Mauritania.png,"4,775,119"
335,Mauritania,French,Widely-spoken,3,TRUE,TRUE,Africa,7267,0,No,MR,Mauritania,Mauritania.png,"4,775,119"
336,Mauritius,English,Official,1,TRUE,TRUE,Africa,7080,50,No,MP,Mauritius,Mauritius.png,"1,273,433"
337,Mauritius,French,National,2,TRUE,TRUE,Africa,7080,50,No,MP,Mauritius,Mauritius.png,"1,273,433"
338,Mexico,Spanish,Official,1,TRUE,TRUE,North America,39942348.4,79.8,Yes,MX,Mexico,Mexico.png,"130,262,216"
195,Micronesia (Federated States of),Woleaian,Official,1,TRUE,FALSE,Oceania,123265,50,No,FM,"Micronesia, Federated States of",Micronesia.png,"116,254"
196,Micronesia (Federated States of),Chuukese ,Regional,4,TRUE,TRUE,Oceania,123265,50,No,FM,"Micronesia, Federated States of",Micronesia.png,"116,254"
197,Micronesia (Federated States of),Kosraean,Regional,4,TRUE,TRUE,Oceania,123265,50,No,FM,"Micronesia, Federated States of",Micronesia.png,"116,254"
343,Monaco,French,Official,1,TRUE,TRUE,Europe,250650,50,Yes,MN,Monaco,Monaco.png,"39,511"
344,Monaco,Monegasque,Widely-spoken,3,TRUE,FALSE,Europe,250650,50,Yes,MN,Monaco,Monaco.png,"39,511"
345,Mongolia,Mongolian,Official,1,FALSE,FALSE,Asia,88455,50,No,MG,Mongolia,Mongolia.png,"3,329,289"
346,Montenegro,Albanian,Official,1,TRUE,FALSE,Europe,244223,50,No,MJ,Montenegro,Montenegro.png,"628,053"
347,Montenegro,Croatian,Official,1,TRUE,TRUE,Europe,244223,50,No,MJ,Montenegro,Montenegro.png,"628,053"
348,Montenegro,Serbian,Official,1,FALSE,TRUE,Europe,244223,50,No,MJ,Montenegro,Montenegro.png,"628,053"
349,Montenegro,Bosnian,Regional,4,FALSE,FALSE,Europe,244223,50,No,MJ,Montenegro,Montenegro.png,"628,053"
350,Morocco,Arabic,Official,1,TRUE,TRUE,Africa,69032,76.8,Yes,MO,Morocco,Morocco.png,"37,344,795"
351,Morocco,Tamazight,Official,1,FALSE,FALSE,Africa,69032,76.8,Yes,MO,Morocco,Morocco.png,"37,344,795"
352,Morocco,Darija,Widely-spoken,3,TRUE,TRUE,Africa,69032,76.8,Yes,MO,Morocco,Morocco.png,"37,344,795"
353,Mozambique,Portuguese,Official,1,TRUE,TRUE,Africa,6735,50,No,MZ,Mozambique,Mozambique.png,"32,163,047"
354,Myanmar,Burmese,Official,1,TRUE,FALSE,Asia,86128,83.2,No,BM,Burma,Myanmar.png,"54,806,012"
355,Myanmar,Chin,Regional,4,FALSE,FALSE,Asia,86128,83.2,No,BM,Burma,Myanmar.png,"54,806,012"
356,Myanmar,Kachin,Regional,4,FALSE,FALSE,Asia,86128,83.2,No,BM,Burma,Myanmar.png,"54,806,012"
357,Myanmar,Karen,Regional,4,TRUE,FALSE,Asia,86128,83.2,No,BM,Burma,Myanmar.png,"54,806,012"
358,Myanmar,Karenni,Regional,4,TRUE,FALSE,Asia,86128,83.2,No,BM,Burma,Myanmar.png,"54,806,012"
359,Myanmar,Mon,Regional,4,TRUE,FALSE,Asia,86128,83.2,No,BM,Burma,Myanmar.png,"54,806,012"
360,Myanmar,Rakhine,Regional,4,FALSE,FALSE,Asia,86128,83.2,No,BM,Burma,Myanmar.png,"54,806,012"
361,Myanmar,Shan,Regional,4,FALSE,FALSE,Asia,86128,83.2,No,BM,Burma,Myanmar.png,"54,806,012"
362,Namibia,English,Official,1,TRUE,TRUE,Africa,6574,50,No,WA,Namibia,Namibia.png,"2,587,344"
363,Namibia,German,Regional,4,TRUE,TRUE,Africa,6574,50,No,WA,Namibia,Namibia.png,"2,587,344"
364,Namibia,Oshiwambo,Regional,4,FALSE,FALSE,Africa,6574,50,No,WA,Namibia,Namibia.png,"2,587,344"
365,Namibia,Afrikaans,National,2,TRUE,TRUE,Africa,6574,50,No,WA,Namibia,Namibia.png,"2,587,344"
366,Nauru,English,Official,1,TRUE,TRUE,Oceania,115047,50,No,NR,Nauru,Nauru.png,"10,876"
367,Nauru,Nauruan,Official,1,FALSE,FALSE,Oceania,115047,50,No,NR,Nauru,Nauru.png,"10,876"
368,Nepal,Nepali,Official,1,FALSE,TRUE,Asia,654570,57.6,Yes,NP,Nepal,Nepal.png,"29,674,920"
369,Netherlands,Dutch,Official,1,TRUE,TRUE,Europe,238117,92.8,Yes,NL,Netherlands,Netherlands.png,"17,173,099"
370,Netherlands,West Frisian,Official,1,TRUE,FALSE,Europe,238117,92.8,Yes,NL,Netherlands,Netherlands.png,"17,173,099"
371,Netherlands,"Papiamento (in Aruba, Curaçao, Bonaire)",Regional,4,FALSE,FALSE,Europe,238117,92.8,Yes,NL,Netherlands,Netherlands.png,"17,173,099"
372,Netherlands,"English (in Sint Maarten, Sint Eustatius, Saba)",Regional,4,TRUE,TRUE,Europe,238117,92.8,Yes,NL,Netherlands,Netherlands.png,"17,173,099"
373,Netherlands,Limburgish,Regional,4,TRUE,TRUE,Europe,238117,92.8,Yes,NL,Netherlands,Netherlands.png,"17,173,099"
374,Netherlands,Low Saxon,Regional,4,TRUE,FALSE,Europe,238117,92.8,Yes,NL,Netherlands,Netherlands.png,"17,173,099"
375,New Zealand,English,Official,1,TRUE,TRUE,Oceania,862855,76.5,Yes,NZ,New Zealand,New_Zealand.png,"4,860,643"
376,New Zealand,Maori,Official,1,FALSE,FALSE,Oceania,862855,76.5,Yes,NZ,New Zealand,New_Zealand.png,"4,860,643"
377,Nicaragua,Spanish,Official,1,TRUE,TRUE,North America,246530,50,No,NU,Nicaragua,Nicaragua.png,"6,702,385"
378,Niger,French,Official,1,TRUE,TRUE,Africa,6422,0,No,NG,Niger,Niger.png,"25,130,817"
379,Niger,Arabic,National,2,TRUE,TRUE,Africa,6422,0,No,NG,Niger,Niger.png,"25,130,817"
380,Niger,Hausa,National,2,FALSE,FALSE,Africa,6422,0,No,NG,Niger,Niger.png,"25,130,817"
381,Niger,Fulfulde,National,2,FALSE,FALSE,Africa,6422,0,No,NG,Niger,Niger.png,"25,130,817"
382,Niger,Gulmancema,National,2,TRUE,FALSE,Africa,6422,0,No,NG,Niger,Niger.png,"25,130,817"
383,Niger,Kanuri,National,2,TRUE,FALSE,Africa,6422,0,No,NG,Niger,Niger.png,"25,130,817"
384,Niger,Zarma,National,2,FALSE,FALSE,Africa,6422,0,No,NG,Niger,Niger.png,"25,130,817"
385,Niger,Tamazight,National,2,FALSE,FALSE,Africa,6422,0,No,NG,Niger,Niger.png,"25,130,817"
386,Nigeria,English,Official,1,TRUE,TRUE,Africa,6276,63,Yes,NI,Nigeria,Nigeria.png,"211,400,708"
387,Nigeria,Hausa,National,2,FALSE,FALSE,Africa,6276,63,Yes,NI,Nigeria,Nigeria.png,"211,400,708"
388,Nigeria,Yoruba,National,2,FALSE,FALSE,Africa,6276,63,Yes,NI,Nigeria,Nigeria.png,"211,400,708"
389,Nigeria,Igbo,National,2,FALSE,FALSE,Africa,6276,63,Yes,NI,Nigeria,Nigeria.png,"211,400,708"
390,Niue,English,Official,1,TRUE,TRUE,Oceania,101512,50,No,NE,Niue,Niue.png,"1,619"
391,Niue,Niuean,Official,1,FALSE,TRUE,Oceania,101512,50,No,NE,Niue,Niue.png,"1,619"
392,Norfolk Island,English,Official,1,TRUE,TRUE,Oceania,95873,50,No,NF,Norfolk Island,Norfolk_Island.png,"1,778"
393,Norfolk Island,Norfuk,Official,1,FALSE,TRUE,Oceania,95873,50,No,NF,Norfolk Island,Norfolk_Island.png,"1,778"
395,North Macedonia,Macedonian,Official,1,TRUE,FALSE,Europe,232309,50,No,,,North_Macedonica.png,"2,082,658"
396,North Macedonia,Albanian,Official,1,TRUE,FALSE,Europe,232309,50,No,,,North_Macedonica.png,"2,082,658"
397,Northern Cyprus,Turkish,Official,1,TRUE,TRUE,Asia,45447,50,No,CY,Cyprus,Cyprus.png,"1,215,584"
398,Norway,Norwegian,Official,1,TRUE,TRUE,Europe,865880,95.5,Yes,NO,Norway,Norway.png,"5,465,630"
399,Norway,Sami,Official,1,TRUE,TRUE,Europe,865880,95.5,Yes,NO,Norway,Norway.png,"5,465,630"
400,Norway,Northern Sami ,Regional,4,FALSE,TRUE,Europe,865880,95.5,Yes,NO,Norway,Norway.png,"5,465,630"
401,Norway,Kven,Minority,5,FALSE,FALSE,Europe,865880,95.5,Yes,NO,Norway,Norway.png,"5,465,630"
402,Norway,Scandoromani,Minority,5,FALSE,FALSE,Europe,865880,95.5,Yes,NO,Norway,Norway.png,"5,465,630"
403,Oman,Arabic,Official,1,TRUE,TRUE,Asia,32629,82.6,Yes,MU,Oman,Oman.png,"5,223,375"
404,Pakistan,English,Official,1,TRUE,TRUE,Asia,81821,75.9,Yes,PK,Pakistan,Pakistan.png,"225,199,937"
405,Pakistan,Urdu,Official,1,TRUE,FALSE,Asia,81821,75.9,Yes,PK,Pakistan,Pakistan.png,"225,199,937"
406,Pakistan,Punjabi,Widely-spoken,3,FALSE,FALSE,Asia,81821,75.9,Yes,PK,Pakistan,Pakistan.png,"225,199,937"
407,Pakistan,Balochi,Widely-spoken,3,FALSE,TRUE,Asia,81821,75.9,Yes,PK,Pakistan,Pakistan.png,"225,199,937"
408,Pakistan,Sindhi,Widely-spoken,3,FALSE,FALSE,Asia,81821,75.9,Yes,PK,Pakistan,Pakistan.png,"225,199,937"
409,Pakistan,Pashto,Widely-spoken,3,FALSE,FALSE,Asia,81821,75.9,Yes,PK,Pakistan,Pakistan.png,"225,199,937"
410,Palau,English,Official,1,TRUE,TRUE,Oceania,86285,50,No,PS,Palau,Palau.png,"18,169"
411,Palau,Palauan,Official,1,FALSE,FALSE,Oceania,86285,50,No,PS,Palau,Palau.png,"18,169"
412,Palau,Sonsorolese (in Sonsorol),Regional,4,FALSE,FALSE,Oceania,86285,50,No,PS,Palau,Palau.png,"18,169"
413,Palau,Tobian (in Hatohobei),Regional,4,TRUE,TRUE,Oceania,86285,50,No,PS,Palau,Palau.png,"18,169"
414,Palau,Japanese (in Angaur),Regional,4,TRUE,TRUE,Oceania,86285,50,No,PS,Palau,Palau.png,"18,169"
415,Panama,Spanish,Official,1,TRUE,TRUE,North America,345142,81.5,No,PM,Panama,Panama.png,"4,381,579"
416,Papua New Guinea,English,Official,1,TRUE,TRUE,Oceania,575236,50,No,PP,Papua New Guinea,Papua_New_Guinea.png,"9,119,010"
417,Papua New Guinea,Hiri Motu,Official,1,TRUE,TRUE,Oceania,575236,50,No,PP,Papua New Guinea,Papua_New_Guinea.png,"9,119,010"
418,Papua New Guinea,Tok Pisin,Official,1,TRUE,TRUE,Oceania,575236,50,No,PP,Papua New Guinea,Papua_New_Guinea.png,"9,119,010"
419,Paraguay,Spanish,Official,1,TRUE,TRUE,South America,97432,79.1,Yes,PA,Paraguay,Paraguay.png,"7,219,638"
420,Paraguay,Guarani,Official,1,TRUE,TRUE,South America,97432,79.1,Yes,PA,Paraguay,Paraguay.png,"7,219,638"
421,Peru,Spanish,Official,1,TRUE,TRUE,South America,1169187,83.3,No,PE,Peru,Peru.png,"33,359,418"
422,Peru,Aymara,Official,1,FALSE,TRUE,South America,1169187,83.3,No,PE,Peru,Peru.png,"33,359,418"
423,Peru,Quechua,Official,1,FALSE,FALSE,South America,1169187,83.3,No,PE,Peru,Peru.png,"33,359,418"
424,Phillipines,English,Official,1,TRUE,TRUE,Asia,818213,72.4,Yes,RP,Philippines,Phillipines.png,"111,046,913"
425,Phillipines,Filipino,Official,1,TRUE,FALSE,Asia,818213,72.4,Yes,RP,Philippines,Phillipines.png,"111,046,913"
426,Phillipines,Aklanon (in the Visayas),Regional,4,TRUE,TRUE,Asia,818213,72.4,Yes,RP,Philippines,Phillipines.png,"111,046,913"
427,Phillipines,Bikol (in Luzon),Regional,4,TRUE,TRUE,Asia,818213,72.4,Yes,RP,Philippines,Phillipines.png,"111,046,913"
428,Phillipines,Cebuano (in the Visayas and Mindanao),Regional,4,FALSE,FALSE,Asia,818213,72.4,Yes,RP,Philippines,Phillipines.png,"111,046,913"
429,Phillipines,Chavacano (in Mindanao),Regional,4,FALSE,FALSE,Asia,818213,72.4,Yes,RP,Philippines,Phillipines.png,"111,046,913"
430,Phillipines,Ibanag (in Luzon),Regional,4,TRUE,TRUE,Asia,818213,72.4,Yes,RP,Philippines,Phillipines.png,"111,046,913"
431,Phillipines,"Ilocano (in Luzon, official in La Union)[72])",Regional,4,FALSE,FALSE,Asia,818213,72.4,Yes,RP,Philippines,Phillipines.png,"111,046,913"
432,Phillipines,Ivatan (in Luzon),Regional,4,TRUE,TRUE,Asia,818213,72.4,Yes,RP,Philippines,Phillipines.png,"111,046,913"
433,Phillipines,Kapampangan (in Luzon),Regional,4,TRUE,FALSE,Asia,818213,72.4,Yes,RP,Philippines,Phillipines.png,"111,046,913"
434,Phillipines,Kanaray-a (in the Visayas),Regional,4,FALSE,FALSE,Asia,818213,72.4,Yes,RP,Philippines,Phillipines.png,"111,046,913"
435,Phillipines,Maranao (in Mindanao),Regional,4,FALSE,FALSE,Asia,818213,72.4,Yes,RP,Philippines,Phillipines.png,"111,046,913"
436,Phillipines,Maginanao (in Mindanao),Regional,4,TRUE,FALSE,Asia,818213,72.4,Yes,RP,Philippines,Phillipines.png,"111,046,913"
437,Phillipines,Pangasinan (in Luzon),Regional,4,FALSE,FALSE,Asia,818213,72.4,Yes,RP,Philippines,Phillipines.png,"111,046,913"
438,Phillipines,Sambal (in Luzon),Regional,4,TRUE,TRUE,Asia,818213,72.4,Yes,RP,Philippines,Phillipines.png,"111,046,913"
439,Phillipines,Tagalog (in Luzon),Regional,4,TRUE,TRUE,Asia,818213,72.4,Yes,RP,Philippines,Phillipines.png,"111,046,913"
440,Phillipines,Tausug (in Mindanao),Regional,4,FALSE,FALSE,Asia,818213,72.4,Yes,RP,Philippines,Phillipines.png,"111,046,913"
441,Phillipines,Waray (in the Visayas),Regional,4,TRUE,TRUE,Asia,818213,72.4,Yes,RP,Philippines,Phillipines.png,"111,046,913"
442,Phillipines,Yakan (in Mindanao),Regional,4,FALSE,FALSE,Asia,818213,72.4,Yes,RP,Philippines,Phillipines.png,"111,046,913"
443,Phillipines,Spanish,Widely-spoken,3,TRUE,TRUE,Asia,818213,72.4,Yes,RP,Philippines,Phillipines.png,"111,046,913"
444,Phillipines,Arabic,Widely-spoken,3,TRUE,TRUE,Asia,818213,72.4,Yes,RP,Philippines,Phillipines.png,"111,046,913"
445,Poland,Polish,Official,1,TRUE,TRUE,Europe,793724,82.9,Yes,PL,Poland,Poland.png,"37,797,005"
446,Poland,Kashubian (Pomeranian Voivodeship),Regional,4,TRUE,FALSE,Europe,793724,82.9,Yes,PL,Poland,Poland.png,"37,797,005"
447,Poland,German (Opole Voivodeship),Minority,5,TRUE,TRUE,Europe,793724,82.9,Yes,PL,Poland,Poland.png,"37,797,005"
448,Poland,Lithuanian (Pu?sk commune),Minority,5,TRUE,FALSE,Europe,793724,82.9,Yes,PL,Poland,Poland.png,"37,797,005"
449,Poland,Belarusian (Podlaskie Voivodseship),Minority,5,TRUE,FALSE,Europe,793724,82.9,Yes,PL,Poland,Poland.png,"37,797,005"
450,Poland,Czech,Minority,5,TRUE,TRUE,Europe,793724,82.9,Yes,PL,Poland,Poland.png,"37,797,005"
451,Poland,Hebrew,Minority,5,TRUE,FALSE,Europe,793724,82.9,Yes,PL,Poland,Poland.png,"37,797,005"
452,Poland,Yiddish,Minority,5,FALSE,FALSE,Europe,793724,82.9,Yes,PL,Poland,Poland.png,"37,797,005"
453,Poland,Lemko,Minority,5,TRUE,TRUE,Europe,793724,82.9,Yes,PL,Poland,Poland.png,"37,797,005"
454,Poland,Karaim,Minority,5,TRUE,FALSE,Europe,793724,82.9,Yes,PL,Poland,Poland.png,"37,797,005"
455,Poland,Armenian,Minority,5,FALSE,TRUE,Europe,793724,82.9,Yes,PL,Poland,Poland.png,"37,797,005"
456,Poland,Romani,Minority,5,FALSE,FALSE,Europe,793724,82.9,Yes,PL,Poland,Poland.png,"37,797,005"
457,Poland,Russian,Minority,5,TRUE,TRUE,Europe,793724,82.9,Yes,PL,Poland,Poland.png,"37,797,005"
458,Poland,Slovak,Minority,5,TRUE,TRUE,Europe,793724,82.9,Yes,PL,Poland,Poland.png,"37,797,005"
459,Poland,Tatar,Minority,5,FALSE,FALSE,Europe,793724,82.9,Yes,PL,Poland,Poland.png,"37,797,005"
460,Poland,Ukrainian,Minority,5,TRUE,FALSE,Europe,793724,82.9,Yes,PL,Poland,Poland.png,"37,797,005"
461,Portugal,Portuguese,Official,1,TRUE,TRUE,Europe,226778,82.6,Yes,PO,Portugal,Portugal.png,"10,167,925"
462,Portugal,Mirandese (Miranda do Douro),Regional,4,TRUE,FALSE,Europe,226778,82.6,Yes,PO,Portugal,Portugal.png,"10,167,925"
463,Qatar,Arabic,Official,1,TRUE,TRUE,Asia,31037,86.2,Yes,QA,Qatar,Qatar.png,"2,930,528"
539,Republic of Korea,Korean,Official,1,TRUE,TRUE,Asia,297532,97.5,Yes,KS,"Korea, Republic of",South_Korea.png,"51,305,186"
339,Republic of Moldova,Romanian,Official,1,TRUE,TRUE,Europe,221504,50,No,MD,Republic of Moldova,Moldova.png,"4,024,019"
340,Republic of Moldova,Gagauz,Regional,4,FALSE,FALSE,Europe,221504,50,No,MD,Republic of Moldova,Moldova.png,"4,024,019"
341,Republic of Moldova,Russian,Regional,4,TRUE,TRUE,Europe,221504,50,No,MD,Republic of Moldova,Moldova.png,"4,024,019"
342,Republic of Moldova,Ukrainian,Regional,4,TRUE,FALSE,Europe,221504,50,No,MD,Republic of Moldova,Moldova.png,"4,024,019"
467,Romania,Romanian,Official,1,TRUE,TRUE,Europe,216470,78.8,Yes,RO,Romania,Romania.png,"19,127,774"
468,Romania,Armenian,Regional,4,FALSE,TRUE,Europe,216470,78.8,Yes,RO,Romania,Romania.png,"19,127,774"
469,Romania,German,Regional,4,TRUE,TRUE,Europe,216470,78.8,Yes,RO,Romania,Romania.png,"19,127,774"
470,Romania,Hungarian,Regional,4,TRUE,TRUE,Europe,216470,78.8,Yes,RO,Romania,Romania.png,"19,127,774"
471,Romania,Romani,Regional,4,FALSE,FALSE,Europe,216470,78.8,Yes,RO,Romania,Romania.png,"19,127,774"
472,Romania,Serbian,Regional,4,FALSE,TRUE,Europe,216470,78.8,Yes,RO,Romania,Romania.png,"19,127,774"
473,Romania,Slovak,Regional,4,TRUE,TRUE,Europe,216470,78.8,Yes,RO,Romania,Romania.png,"19,127,774"
474,Romania,Turkish,Regional,4,TRUE,TRUE,Europe,216470,78.8,Yes,RO,Romania,Romania.png,"19,127,774"
475,Romania,Ukrainian,Regional,4,TRUE,FALSE,Europe,216470,78.8,Yes,RO,Romania,Romania.png,"19,127,774"
476,Russia,Russian,Official,1,TRUE,TRUE,Europe,216470,78.8,Yes,RS,Russia,Russia.png,"145,912,025"
477,Rwanda,English,Official,1,TRUE,TRUE,Africa,6003,50,No,RW,Rwanda,Rwanda.png,"13,276,513"
478,Rwanda,French,Official,1,TRUE,TRUE,Africa,6003,50,No,RW,Rwanda,Rwanda.png,"13,276,513"
479,Rwanda,Kinyarwanda,Official,1,FALSE,FALSE,Africa,6003,50,No,RW,Rwanda,Rwanda.png,"13,276,513"
480,Rwanda,Swahili,Official,1,TRUE,TRUE,Africa,6003,50,No,RW,Rwanda,Rwanda.png,"13,276,513"
481,Sahrawi Arab Democratic Republic,Tamazight,Official,1,FALSE,FALSE,Africa,6003,50,No,WI,Western Sahara,Western_Sahara.png,"611,875"
482,Sahrawi Arab Democratic Republic,Arabic,Official,1,TRUE,TRUE,Africa,6003,50,No,WI,Western Sahara,Western_Sahara.png,"611,875"
483,Sahrawi Arab Democratic Republic,Spanish,Official,1,TRUE,TRUE,Africa,6003,50,No,WI,Western Sahara,Western_Sahara.png,"611,875"
484,Saint Kitts and Nevis,English,Official,1,TRUE,TRUE,North America,360301,50,No,SC,Saint Kitts and Nevis,Saint_Kitts_and_Nevis.png,"53,544"
485,Saint Lucia,English,Official,1,TRUE,TRUE,North America,173478,50,No,ST,Saint Lucia,Saint_Lucia.png,"184,400"
486,Saint Vincent and the Grenadines,English,Official,1,TRUE,TRUE,North America,312261,50,No,VC,Saint Vincent and the Grenadines,Saint Vincent and the Grenadines.png,"111,263"
487,Samoa,English,Official,1,TRUE,TRUE,Oceania,78441,50,No,WS,Samoa,Samoa.png,"200,149"
488,Samoa,Samoan,National,2,FALSE,FALSE,Oceania,78441,50,No,WS,Samoa,Samoa.png,"200,149"
489,San Marino,Italian,Official,1,TRUE,TRUE,Europe,207058,50,No,SM,San Marino,San_Marino.png,"34,017"
490,São Tomé and Príncipe,Portuguese,Official,1,TRUE,TRUE,Africa,5753,50,No,TP,Sao Tome and Principe,Sao_Tome_and_Principe.png,"223,368"
491,Saudi Arabia,Arabic,Official,1,TRUE,TRUE,Asia,79533,79,Yes,SA,Saudi Arabia,Saudi_Arabia.png,"35,340,683"
492,Senegal,French,Official,1,TRUE,TRUE,Africa,5635,77.2,Yes,SG,Senegal,Senegal.png,"17,196,301"
493,Senegal,Jola-Fogny,National,2,FALSE,FALSE,Africa,5635,77.2,Yes,SG,Senegal,Senegal.png,"17,196,301"
494,Senegal,Mandinka,National,2,TRUE,FALSE,Africa,5635,77.2,Yes,SG,Senegal,Senegal.png,"17,196,301"
495,Senegal,Pulaar,National,2,TRUE,TRUE,Africa,5635,77.2,Yes,SG,Senegal,Senegal.png,"17,196,301"
496,Senegal,Serer,National,2,FALSE,TRUE,Africa,5635,77.2,Yes,SG,Senegal,Senegal.png,"17,196,301"
497,Senegal,Soninke,National,2,FALSE,FALSE,Africa,5635,77.2,Yes,SG,Senegal,Senegal.png,"17,196,301"
498,Senegal,Wolof,National,2,TRUE,FALSE,Africa,5635,77.2,Yes,SG,Senegal,Senegal.png,"17,196,301"
499,Serbia,Serbian,Official,1,FALSE,TRUE,Europe,198431,83.8,No,RB,Serbia,Serbia.png,"8,697,550"
500,Seychelles,English,Official,1,TRUE,TRUE,Africa,5523,50,No,SE,Seychelles,Seychelles.png,"98,908"
501,Seychelles,French,Official,1,TRUE,TRUE,Africa,5523,50,No,SE,Seychelles,Seychelles.png,"98,908"
502,Seychelles,Seychellois Creole,Official,1,FALSE,FALSE,Africa,5523,50,No,SE,Seychelles,Seychelles.png,"98,908"
503,Sierra Leone,English,Official,1,TRUE,TRUE,Africa,5414,0,No,SL,Sierra Leone,Sierra_Leone.png,"8,141,343"
504,Sierra Leone,Krio,National,2,TRUE,TRUE,Africa,5414,0,No,SL,Sierra Leone,Sierra_Leone.png,"8,141,343"
505,Singapore,English,Official,1,TRUE,TRUE,Asia,192521,90.2,Yes,SN,Singapore,Singapore.png,"5,896,686"
506,Singapore,Malay,Official,1,TRUE,FALSE,Asia,192521,90.2,Yes,SN,Singapore,Singapore.png,"5,896,686"
507,Singapore,Mandarin Chinese,Official,1,TRUE,FALSE,Asia,192521,90.2,Yes,SN,Singapore,Singapore.png,"5,896,686"
508,Singapore,Tamil,Official,1,TRUE,TRUE,Asia,192521,90.2,Yes,SN,Singapore,Singapore.png,"5,896,686"
509,Slovakia,Slovak,Official,1,TRUE,TRUE,Europe,194381,84.5,Yes,LO,Slovakia,Slovakia.png,"5,460,721"
510,Slovakia,Bulgarian,Minority,5,TRUE,FALSE,Europe,194381,84.5,Yes,LO,Slovakia,Slovakia.png,"5,460,721"
511,Slovakia,Czech,Minority,5,TRUE,TRUE,Europe,194381,84.5,Yes,LO,Slovakia,Slovakia.png,"5,460,721"
512,Slovakia,German,Minority,5,TRUE,TRUE,Europe,194381,84.5,Yes,LO,Slovakia,Slovakia.png,"5,460,721"
513,Slovakia,Hungarian,Minority,5,TRUE,TRUE,Europe,194381,84.5,Yes,LO,Slovakia,Slovakia.png,"5,460,721"
514,Slovakia,Polish,Minority,5,TRUE,TRUE,Europe,194381,84.5,Yes,LO,Slovakia,Slovakia.png,"5,460,721"
515,Slovakia,Romani,Minority,5,FALSE,FALSE,Europe,194381,84.5,Yes,LO,Slovakia,Slovakia.png,"5,460,721"
516,Slovakia,Rusyn,Minority,5,TRUE,TRUE,Europe,194381,84.5,Yes,LO,Slovakia,Slovakia.png,"5,460,721"
517,Slovakia,Serbian,Minority,5,FALSE,TRUE,Europe,194381,84.5,Yes,LO,Slovakia,Slovakia.png,"5,460,721"
518,Slovakia,Ukrainian,Minority,5,TRUE,FALSE,Europe,194381,84.5,Yes,LO,Slovakia,Slovakia.png,"5,460,721"
519,Slovenia,Slovene,Official,1,TRUE,TRUE,Europe,190494,79.22,Yes,SI,Slovenia,Slovenia.png,"2,078,724"
520,Slovenia,"Hungarian (Dobrovnik, Hodoš, Lendava)",Minority,5,TRUE,TRUE,Europe,190494,79.22,Yes,SI,Slovenia,Slovenia.png,"2,078,724"
521,Slovenia,"Italian (Izola, Koper, Piran)",Minority,5,TRUE,TRUE,Europe,190494,79.22,Yes,SI,Slovenia,Slovenia.png,"2,078,724"
522,Slovenia,"Croatian (Metlika, Brežice)",Minority,5,TRUE,TRUE,Europe,190494,79.22,Yes,SI,Slovenia,Slovenia.png,"2,078,724"
523,Solomon Islands,English,Official,1,TRUE,TRUE,Oceania,75031,50,No,BP,Solomon Islands,Solomon_Islands.png,"703,996"
524,Somalia,Arabic,Official,1,TRUE,TRUE,Africa,5310,50,No,SO,Somalia,Somalia.png,"16,359,504"
525,Somliland,Arabic,Official,1,TRUE,TRUE,Africa,5310,50,No,SO,Somalia,Somalia.png,"16,359,504"
526,Somliland,English,Official,1,TRUE,TRUE,Africa,5310,50,No,SO,Somalia,Somalia.png,"16,359,504"
527,Somliland,Somali,Official,1,FALSE,FALSE,Africa,5310,50,No,SO,Somalia,Somalia.png,"16,359,504"
528,South Africa,Afrikaans,Official,1,TRUE,TRUE,Africa,138064,75.9,Yes,SF,South Africa,South_Africa.png,"60,041,994"
529,South Africa,English,Official,1,TRUE,TRUE,Africa,138064,75.9,Yes,SF,South Africa,South_Africa.png,"60,041,994"
530,South Africa,Southern Ndebele,Official,1,FALSE,FALSE,Africa,138064,75.9,Yes,SF,South Africa,South_Africa.png,"60,041,994"
531,South Africa,Sotho,Official,1,FALSE,FALSE,Africa,138064,75.9,Yes,SF,South Africa,South_Africa.png,"60,041,994"
532,South Africa,Northern Sotho,Official,1,FALSE,TRUE,Africa,138064,75.9,Yes,SF,South Africa,South_Africa.png,"60,041,994"
533,South Africa,Swazi,Official,1,TRUE,TRUE,Africa,138064,75.9,Yes,SF,South Africa,South_Africa.png,"60,041,994"
534,South Africa,Tsonga,Official,1,TRUE,TRUE,Africa,138064,75.9,Yes,SF,South Africa,South_Africa.png,"60,041,994"
535,South Africa,Tswana,Official,1,TRUE,TRUE,Africa,138064,75.9,Yes,SF,South Africa,South_Africa.png,"60,041,994"
536,South Africa,Venda,Official,1,FALSE,FALSE,Africa,138064,75.9,Yes,SF,South Africa,South_Africa.png,"60,041,994"
537,South Africa,Xhosa,Official,1,FALSE,FALSE,Africa,138064,75.9,Yes,SF,South Africa,South_Africa.png,"60,041,994"
538,South Africa,Zulu,Official,1,FALSE,FALSE,Africa,138064,75.9,Yes,SF,South Africa,South_Africa.png,"60,041,994"
543,South Sudan,English,Official,1,TRUE,TRUE,Africa,5210,0,No,SU,Sudan,Sudan.png,"44,909,353"
544,South Sudan,Arabic,National,2,TRUE,TRUE,Africa,5210,0,No,SU,Sudan,Sudan.png,"44,909,353"
545,South Sudan,Bari,National,2,FALSE,TRUE,Africa,5210,0,No,SU,Sudan,Sudan.png,"44,909,353"
546,South Sudan,Dinka,National,2,TRUE,TRUE,Africa,5210,0,No,SU,Sudan,Sudan.png,"44,909,353"
547,South Sudan,Luo,National,2,TRUE,FALSE,Africa,5210,0,No,SU,Sudan,Sudan.png,"44,909,353"
548,South Sudan,Murle,National,2,FALSE,FALSE,Africa,5210,0,No,SU,Sudan,Sudan.png,"44,909,353"
549,South Sudan,Nuer,National,2,TRUE,TRUE,Africa,5210,0,No,SU,Sudan,Sudan.png,"44,909,353"
550,South Sudan,Zande,National,2,FALSE,FALSE,Africa,5210,0,No,SU,Sudan,Sudan.png,"44,909,353"
552,Spain,Spanish,Official,1,TRUE,TRUE,Europe,732668,87.4,Yes,SP,Spain,Spain.png,"46,745,216"
553,Spain,"Catalan (Balearic Islands, Catalonia, Valencia)",Regional,4,TRUE,TRUE,Europe,732668,87.4,Yes,SP,Spain,Spain.png,"46,745,216"
554,Spain,Galician (Galicia),Regional,4,TRUE,FALSE,Europe,732668,87.4,Yes,SP,Spain,Spain.png,"46,745,216"
555,Spain,Occitan (Catalonia),Regional,4,TRUE,TRUE,Europe,732668,87.4,Yes,SP,Spain,Spain.png,"46,745,216"
556,Spain,"Basque (Basque Country, Navarra)",Regional,4,FALSE,FALSE,Europe,732668,87.4,Yes,SP,Spain,Spain.png,"46,745,216"
557,Spain,Astur-Leonese (Asturias),Minority,5,FALSE,TRUE,Europe,732668,87.4,Yes,SP,Spain,Spain.png,"46,745,216"
558,Spain,Aragonese (Aragon),Minority,5,TRUE,TRUE,Europe,732668,87.4,Yes,SP,Spain,Spain.png,"46,745,216"
559,Spain,Fala (Province of Cáceres),Minority,5,TRUE,FALSE,Europe,732668,87.4,Yes,SP,Spain,Spain.png,"46,745,216"
560,Spain,French,Minority,5,TRUE,TRUE,Europe,732668,87.4,Yes,SP,Spain,Spain.png,"46,745,216"
561,Spain,Portuguese,Minority,5,TRUE,TRUE,Europe,732668,87.4,Yes,SP,Spain,Spain.png,"46,745,216"
562,Sri Lanka,Sinhala,Official,1,FALSE,TRUE,Asia,181825,68.9,Yes,CE,Sri Lanka,Sri_Lanka.png,"21,497,310"
563,Sri Lanka,Tamil,Official,1,TRUE,TRUE,Asia,181825,68.9,Yes,CE,Sri Lanka,Sri_Lanka.png,"21,497,310"
564,Sudan,Arabic,Official,1,TRUE,TRUE,Africa,5210,0,No,SU,Sudan,Sudan.png,"44,909,353"
565,Sudan,English,Official,1,TRUE,TRUE,Africa,5210,0,No,SU,Sudan,Sudan.png,"44,909,353"
566,Suriname,Dutch,Official,1,TRUE,TRUE,South America,83513,50,No,NS,Suriname,Suriname.png,"591,800"
567,Suriname,Sranan tongo,National,2,TRUE,TRUE,South America,83513,50,No,NS,Suriname,Suriname.png,"591,800"
568,Sweden,Swedish,Official,1,TRUE,TRUE,Europe,1904937,91.1,Yes,SW,Sweden,Sweden.png,"10,160,169"
569,Sweden,"Finnish (Gällivare, Haparanda, Kiruna, Pajala, Övertorneå",Minority,5,TRUE,TRUE,Europe,1904937,91.1,Yes,SW,Sweden,Sweden.png,"10,160,169"
570,Sweden,"Meänkieli (Gällivare, Haparanda, Kiruna, Pajala, Övertorneå)",Minority,5,TRUE,FALSE,Europe,1904937,91.1,Yes,SW,Sweden,Sweden.png,"10,160,169"
571,Sweden,"Sami (Arjeplog, Gällivare, Jokkmokk, Kiruna)",Minority,5,TRUE,TRUE,Europe,1904937,91.1,Yes,SW,Sweden,Sweden.png,"10,160,169"
572,Sweden,English,Widely-spoken,3,TRUE,TRUE,Europe,1904937,91.1,Yes,SW,Sweden,Sweden.png,"10,160,169"
573,Switzerland,French,Official,1,TRUE,TRUE,Europe,2381171,89.6,Yes,SZ,Switzerland,Switzerland.png,"8,715,494"
574,Switzerland,German,Official,1,TRUE,TRUE,Europe,2381171,89.6,Yes,SZ,Switzerland,Switzerland.png,"8,715,494"
575,Switzerland,Italian,Official,1,TRUE,TRUE,Europe,2381171,89.6,Yes,SZ,Switzerland,Switzerland.png,"8,715,494"
576,Switzerland,Romansh,Official,1,TRUE,TRUE,Europe,2381171,89.6,Yes,SZ,Switzerland,Switzerland.png,"8,715,494"
577,Syria,Arabic,Official,1,TRUE,TRUE,Europe,2381171,89.6,Yes,SY,Syrian Arab Republic,Syria.png,"18,275,702"
578,Taiwan,Mandarin,Official,1,TRUE,FALSE,Asia,30298,92.8,No,TW,Taiwan,Taiwan.png,"23,855,010"
579,Tajikistan,Tajik,Official,1,FALSE,FALSE,Asia,76113,50,Yes,TI,Tajikistan,Tajikistan.png,"9,749,627"
580,Tajikistan,Russian,Widely-spoken,3,TRUE,TRUE,Asia,76113,50,Yes,TI,Tajikistan,Tajikistan.png,"9,749,627"
581,Tanzania,English,Official,1,TRUE,TRUE,Asia,76113,50,Yes,TZ,United Republic of Tanzania,Tanzania.png,"61,498,437"
582,Thailand,Thai,Official,1,TRUE,TRUE,Asia,3272850,88,Yes,TH,Thailand,Thailand.png,"69,950,850"
164,Timor-Leste,Portuguese,Official,1,TRUE,TRUE,Asia,74383,50,No,TT,Timor-Leste,Timor-Leste.png,"1,343,873"
165,Timor-Leste,Tetum,Official,1,TRUE,FALSE,Asia,74383,50,No,TT,Timor-Leste,Timor-Leste.png,"1,343,873"
583,Togo,French,Official,1,TRUE,TRUE,Africa,5020,50,Yes,TO,Togo,Togo.png,"8,478,250"
584,Tokelau,English,Official,1,TRUE,TRUE,Oceania,71905,50,No,TL,Tokelau,Tokelau.png,"1,373"
585,Tokelau,Tokelauan,Official,1,TRUE,TRUE,Oceania,71905,50,No,TL,Tokelau,Tokelau.png,"1,373"
586,Tonga,English,Official,1,TRUE,TRUE,Oceania,69028,50,No,TN,Tonga,Tonga.png,"106,760"
587,Tonga,Tongan,Official,1,TRUE,TRUE,Oceania,69028,50,No,TN,Tonga,Tonga.png,"106,760"
588,Transnistria,Moldovan,Official,1,TRUE,FALSE,Europe,221504,50,No,MD,Republic of Moldova,Moldova.png,"4,024,019"
589,Transnistria,Russian,Official,1,TRUE,TRUE,Europe,221504,50,No,MD,Republic of Moldova,Moldova.png,"4,024,019"
590,Transnistria,Ukrainian,Official,1,TRUE,FALSE,Europe,221504,50,No,MD,Republic of Moldova,Moldova.png,"4,024,019"
591,Trinidad and Tobago,English,Official,1,TRUE,TRUE,North America,585489,50,No,TD,Trinidad and Tobago,Trinidad_and_Tobago.png,"1,403,375"
592,Tunisia,Tunisan,Official,1,TRUE,TRUE,Africa,46021,71.8,Yes,TS,Tunisia,Tunisia.png,"11,935,766"
593,Tunisia,Arabic,Official,1,TRUE,TRUE,Africa,46021,71.8,Yes,TS,Tunisia,Tunisia.png,"11,935,766"
594,Tunisia,French,Official,1,TRUE,TRUE,Africa,46021,71.8,Yes,TS,Tunisia,Tunisia.png,"11,935,766"
595,Turkey,Turkish,Official,1,TRUE,TRUE,Asia,106044,79,Yes,TU,Turkey,Turkey.png,"85,042,738"
596,Turkey,Kurdish,Minority,5,TRUE,TRUE,Asia,106044,79,Yes,TU,Turkey,Turkey.png,"85,042,738"
597,Turkmenistan,Turkmen,Official,1,FALSE,FALSE,Asia,72730,50,No,TX,Turkmenistan,Turkmenistan.png,"6,117,924"
598,Turkmenistan,Russian,Widely-spoken,3,TRUE,TRUE,Asia,72730,50,No,TX,Turkmenistan,Turkmenistan.png,"6,117,924"
599,Tuvalu,English,Official,1,TRUE,TRUE,Oceania,66373,50,No,TV,Tuvalu,Tuvalu.png,"11,931"
600,Uganda,English,Official,1,TRUE,TRUE,Africa,4931,50,Yes,UG,Uganda,Uganda.png,"47,123,531"
601,Uganda,Swahili,Official,1,TRUE,TRUE,Africa,4931,50,Yes,UG,Uganda,Uganda.png,"47,123,531"
602,Ukraine,Ukrainian,Official,1,TRUE,FALSE,Europe,183167,66.4,No,UP,Ukraine,Ukraine.png,"43,466,819"
603,Ukraine,Russian,Regional,4,TRUE,TRUE,Europe,183167,66.4,No,UP,Ukraine,Ukraine.png,"43,466,819"
604,Ukraine,Crimean Tatar,Regional,4,FALSE,FALSE,Europe,183167,66.4,No,UP,Ukraine,Ukraine.png,"43,466,819"
605,United Arab Emirates,Arabic,Official,1,TRUE,TRUE,Asia,97887,87.3,Yes,AE,United Arab Emirates,United_Arab_Emirates.png,"9,991,089"
606,United Kingdom,English,Official,1,TRUE,TRUE,Asia,97887,87.3,Yes,UK,United Kingdom,United_Kingdom.png,"68,207,116"
607,United Kingdom,Cornish (in Cornwall)[76],Regional,4,TRUE,TRUE,Asia,97887,87.3,Yes,UK,United Kingdom,United_Kingdom.png,"68,207,116"
608,United Kingdom,Irish and Ulster-Scots (in Northern Ireland),Regional,4,TRUE,FALSE,Asia,97887,87.3,Yes,UK,United Kingdom,United_Kingdom.png,"68,207,116"
609,United Kingdom,Scots and Scottish Gaelic (in Scotland),Regional,4,FALSE,FALSE,Asia,97887,87.3,Yes,UK,United Kingdom,United_Kingdom.png,"68,207,116"
610,United Kingdom,Welsh (in Wales),Regional,4,TRUE,FALSE,Asia,97887,87.3,Yes,UK,United Kingdom,United_Kingdom.png,"68,207,116"
611,United Kingdom,Pitcairnese (in Pitcairn Islands),Regional,4,TRUE,FALSE,Asia,97887,87.3,Yes,UK,United Kingdom,United_Kingdom.png,"68,207,116"
612,United Kingdom,Guernésiais and French (in Guernsey),Regional,4,TRUE,TRUE,Asia,97887,87.3,Yes,UK,United Kingdom,United_Kingdom.png,"68,207,116"
613,United Kingdom,Jèrriais and French (in Jersey),Regional,4,FALSE,FALSE,Asia,97887,87.3,Yes,UK,United Kingdom,United_Kingdom.png,"68,207,116"
614,United Kingdom,Manx (in Isle of Man),Regional,4,TRUE,FALSE,Asia,97887,87.3,Yes,UK,United Kingdom,United_Kingdom.png,"68,207,116"
615,United States,None,Official,1,FALSE,TRUE,Africa,0,93,Yes,US,United States,United_States.png,"332,915,073"
616,Uruguay,Spanish,Official,1,TRUE,TRUE,South America,77946,81.59,No,UY,Uruguay,Uruguay.png,"3,485,151"
617,Uzbekistan,Uzbek,Official,1,FALSE,FALSE,Asia,71149,49.9,No,UZ,Uzbekistan,Uzbekistan.png,"33,935,763"
618,Uzbekistan,Russian,Widely-spoken,3,TRUE,TRUE,Asia,71149,49.9,No,UZ,Uzbekistan,Uzbekistan.png,"33,935,763"
619,Vanuatu,English,Official,1,TRUE,TRUE,Oceania,61632,50,No,NH,Vanuatu,Vanuatu.png,"314,464"
620,Vanuatu,French,Official,1,TRUE,TRUE,Oceania,61632,50,No,NH,Vanuatu,Vanuatu.png,"314,464"
621,Vanuatu,Bislama,National,2,TRUE,TRUE,Oceania,61632,50,No,NH,Vanuatu,Vanuatu.png,"314,464"
622,Vatican City,Italian,Official,1,TRUE,TRUE,Oceania,61632,50,No,VT,Holy See (Vatican City),Holy_See.png,800
623,Venezuela,Spanish,Official,1,TRUE,TRUE,Oceania,61632,57,No,VE,Venezuela,Venezuela.png,"28,704,954"
624,Vietnam,Vietnamese,Official,1,TRUE,TRUE,Asia,1090950,78.4,Yes,VM,Viet Nam,Vietnam.png,"98,168,833"
625,Yemen,Arabic,Official,1,TRUE,TRUE,Asia,27075,0,No,YM,Yemen,Yemen.png,"30,490,640"
626,Zambia,English,Official,1,TRUE,TRUE,Africa,4680,50,No,ZA,Zambia,Zambia.png,"18,920,651"
627,Zimbabwe,Chewa,Official,1,FALSE,FALSE,Africa,4602,50,No,ZI,Zimbabwe,Zimbabwe.png,"15,092,171"
628,Zimbabwe,Chibarwe,Official,1,FALSE,FALSE,Africa,4602,50,No,ZI,Zimbabwe,Zimbabwe.png,"15,092,171"
629,Zimbabwe,English,Official,1,TRUE,TRUE,Africa,4602,50,No,ZI,Zimbabwe,Zimbabwe.png,"15,092,171"
630,Zimbabwe,Kalanga,Official,1,FALSE,FALSE,Africa,4602,50,No,ZI,Zimbabwe,Zimbabwe.png,"15,092,171"
631,Zimbabwe,Khoisan,Official,1,FALSE,TRUE,Africa,4602,50,No,ZI,Zimbabwe,Zimbabwe.png,"15,092,171"
632,Zimbabwe,Nambya,Official,1,FALSE,FALSE,Africa,4602,50,No,ZI,Zimbabwe,Zimbabwe.png,"15,092,171"
633,Zimbabwe,Ndau,Official,1,FALSE,FALSE,Africa,4602,50,No,ZI,Zimbabwe,Zimbabwe.png,"15,092,171"
634,Zimbabwe,Ndebele,Official,1,FALSE,FALSE,Africa,4602,50,No,ZI,Zimbabwe,Zimbabwe.png,"15,092,171"
635,Zimbabwe,Shangani,Official,1,FALSE,FALSE,Africa,4602,50,No,ZI,Zimbabwe,Zimbabwe.png,"15,092,171"
636,Zimbabwe,Shona,Official,1,FALSE,FALSE,Africa,4602,50,No,ZI,Zimbabwe,Zimbabwe.png,"15,092,171"
637,Zimbabwe,Sotho,Official,1,FALSE,FALSE,Africa,4602,50,No,ZI,Zimbabwe,Zimbabwe.png,"15,092,171"
638,Zimbabwe,Tonga,Official,1,TRUE,TRUE,Africa,4602,50,No,ZI,Zimbabwe,Zimbabwe.png,"15,092,171"
639,Zimbabwe,Tswana,Official,1,TRUE,TRUE,Africa,4602,50,No,ZI,Zimbabwe,Zimbabwe.png,"15,092,171"
640,Zimbabwe,Venda,Official,1,FALSE,FALSE,Africa,4602,50,No,ZI,Zimbabwe,Zimbabwe.png,"15,092,171"
641,Zimbabwe,Xhosa,Official,1,FALSE,FALSE,Africa,4602,50,No,ZI,Zimbabwe,Zimbabwe.png,"15,092,171"
